{"name":"0dd39372-62b7-456a-9e5c-3c34a09d975e","id":"/providers/Microsoft.Flow/flows/0dd39372-62b7-456a-9e5c-3c34a09d975e","type":"Microsoft.Flow/flows","properties":{"apiId":"/providers/Microsoft.PowerApps/apis/shared_logicflows","displayName":"Residents Delivery Approval Response to security","definition":{"metadata":{"workflowEntityId":null,"creator":{"id":"f427bac5-ae00-49b3-baa4-bd6951730f64","type":"User","tenantId":"7f27e81b-6032-41f7-8749-2636b6b7b044"},"provisioningMethod":"FromDefinition","failureAlertSubscription":true,"clientLastModifiedTime":"2019-02-05T02:41:31.2778026Z"},"$schema":"https://schema.management.azure.com/providers/Microsoft.Logic/schemas/2016-06-01/workflowdefinition.json#","contentVersion":"1.0.0.0","parameters":{"$connections":{"defaultValue":{},"type":"Object"},"$authentication":{"defaultValue":{},"type":"SecureObject"}},"triggers":{"When_someone_responds_to_a_custom_action":{"metadata":{"flowSystemMetadata":{"swaggerOperationId":"ActionResponseOnGroup"}},"type":"ApiConnectionWebhook","inputs":{"host":{"connection":{"name":"@parameters('$connections')['shared_kaizala']['connectionId']"},"api":{"runtimeUrl":"https://india-001.azure-apim.net/apim/kaizala"}},"body":{"CallbackUrl":"@{listCallbackUrl()}"},"path":"/v1/webhook","queries":{"groupId":"6df51281-82c8-42fc-8dcd-00453d193381","actionPackageId":"0068a62c-dc31-478d-941b-7a1be2dc015f","objectId":"00000000-0000-0000-0000-000000000000"},"authentication":"@parameters('$authentication')"}}},"actions":{"Get_items":{"runAfter":{},"metadata":{"flowSystemMetadata":{"swaggerOperationId":"GetItems"}},"type":"ApiConnection","inputs":{"host":{"connection":{"name":"@parameters('$connections')['shared_sharepointonline']['connectionId']"},"api":{"runtimeUrl":"https://india-001.azure-apim.net/apim/sharepointonline"}},"method":"get","path":"/datasets/@{encodeURIComponent(encodeURIComponent('https://aceatlantis.sharepoint.com/'))}/tables/@{encodeURIComponent(encodeURIComponent('311fd2ec-53dd-4f58-9715-60674360bb66'))}/items","queries":{"$filter":"Phone_x0020_Number eq '@{triggerBody()?['fromUser']}'"},"authentication":"@parameters('$authentication')"}},"Apply_to_each":{"foreach":"@body('Get_items')?['value']","actions":{"Upload_media_from_attachment":{"runAfter":{"Get_file_content_using_path":["Succeeded"]},"metadata":{"flowSystemMetadata":{"swaggerOperationId":"UploadMediaFromAttachment"}},"type":"ApiConnection","inputs":{"host":{"connection":{"name":"@parameters('$connections')['shared_kaizala']['connectionId']"},"api":{"runtimeUrl":"https://india-001.azure-apim.net/apim/kaizala"}},"method":"post","body":{"fileContent":"@body('Get_file_content_using_path')"},"path":"/v1/media/attachment","authentication":"@parameters('$authentication')"}},"Get_file_content_using_path":{"runAfter":{"Compose":["Succeeded"]},"metadata":{"flowSystemMetadata":{"swaggerOperationId":"GetFileContentByPath"}},"type":"ApiConnection","inputs":{"host":{"connection":{"name":"@parameters('$connections')['shared_sharepointonline']['connectionId']"},"api":{"runtimeUrl":"https://india-001.azure-apim.net/apim/sharepointonline"}},"method":"get","path":"/datasets/@{encodeURIComponent(encodeURIComponent('https://aceatlantis.sharepoint.com/'))}/GetFileContentByPath","queries":{"path":"@{outputs('Compose')}","queryParametersSingleEncoded":true,"inferContentType":true},"authentication":"@parameters('$authentication')"}},"Compose":{"runAfter":{},"type":"Compose","inputs":"@concat('/Shared Documents/Image/', triggerBody()['answer1_with_singular_value'], '.png')"},"Send_action_on_a_group":{"runAfter":{"Upload_media_from_attachment":["Succeeded"]},"metadata":{"flowSystemMetadata":{"swaggerOperationId":"SendActions_v2"}},"type":"ApiConnection","inputs":{"host":{"connection":{"name":"@parameters('$connections')['shared_kaizala']['connectionId']"},"api":{"runtimeUrl":"https://india-001.azure-apim.net/apim/kaizala"}},"method":"post","body":{"actionBody":{"Message":"Flat No: @{items('Apply_to_each')?['Flat_x0020_No']}\nResponse: @{triggerBody()?['answer1_with_singular_value']}\nResponded by: @{triggerBody()?['fromUserName']}","Title":"Visitor approval","MediaResources":"@body('Upload_media_from_attachment')?['mediaResource']"}},"path":"/groups/@{encodeURIComponent('8ce23cff-9c49-4ff0-a168-6777d77641ae')}/actions","queries":{"actionType":"announcement"},"authentication":"@parameters('$authentication')"}}},"runAfter":{"Get_items":["Succeeded"]},"type":"Foreach"}},"outputs":{}},"connectionReferences":{"shared_sharepointonline":{"connectionName":"25e92701563f4536be8813484672e55d","source":"Embedded","id":"/providers/Microsoft.PowerApps/apis/shared_sharepointonline","tier":"NotSpecified"},"shared_kaizala":{"connectionName":"shared-kaizala-5a8d47e3-dd3d-43c3-b138-deef5ff91c39","source":"Embedded","id":"/providers/Microsoft.PowerApps/apis/shared_kaizala","tier":"NotSpecified"}},"flowFailureAlertSubscribed":false}}