{"name":"27dba60b-a4fd-4476-a924-609af23c3279","id":"/providers/Microsoft.Flow/flows/27dba60b-a4fd-4476-a924-609af23c3279","type":"Microsoft.Flow/flows","properties":{"apiId":"/providers/Microsoft.PowerApps/apis/shared_logicflows","displayName":"Car registration - AA Security","definition":{"metadata":{"workflowEntityId":null,"creator":{"id":"f427bac5-ae00-49b3-baa4-bd6951730f64","type":"User","tenantId":"7f27e81b-6032-41f7-8749-2636b6b7b044"},"provisioningMethod":"FromDefinition","failureAlertSubscription":true,"clientLastModifiedTime":"2019-02-01T08:22:54.0108211Z"},"$schema":"https://schema.management.azure.com/providers/Microsoft.Logic/schemas/2016-06-01/workflowdefinition.json#","contentVersion":"1.0.0.0","parameters":{"$connections":{"defaultValue":{},"type":"Object"},"$authentication":{"defaultValue":{},"type":"SecureObject"}},"triggers":{"When_someone_responds_to_a_custom_action":{"metadata":{"flowSystemMetadata":{"swaggerOperationId":"ActionResponseOnGroup"}},"type":"ApiConnectionWebhook","inputs":{"host":{"connection":{"name":"@parameters('$connections')['shared_kaizala']['connectionId']"},"api":{"runtimeUrl":"https://india-001.azure-apim.net/apim/kaizala"}},"body":{"CallbackUrl":"@{listCallbackUrl()}"},"path":"/v1/webhook","queries":{"groupId":"8ce23cff-9c49-4ff0-a168-6777d77641ae","actionPackageId":"5b24a44d-d6ac-44b1-b8d6-6ad1b64ab208.2","objectId":"00000000-0000-0000-0000-000000000000"},"authentication":"@parameters('$authentication')"}}},"actions":{"Create_item":{"runAfter":{},"metadata":{"flowSystemMetadata":{"swaggerOperationId":"PostItem"}},"type":"ApiConnection","inputs":{"host":{"connection":{"name":"@parameters('$connections')['shared_sharepointonline']['connectionId']"},"api":{"runtimeUrl":"https://india-001.azure-apim.net/apim/sharepointonline"}},"method":"post","body":{"Title":"@triggerBody()?['fromUserName']","Purpose_x0020_of_x0020_Visit":"Resident","Flat_x0020_No":"@triggerBody()?['answer2']","Vehicle_x0020_Number":"@triggerBody()?['answer1']"},"path":"/datasets/@{encodeURIComponent(encodeURIComponent('https://aceatlantis.sharepoint.com/'))}/tables/@{encodeURIComponent(encodeURIComponent('e6ab8c29-e413-475f-8f9a-405fbc691f49'))}/items","authentication":"@parameters('$authentication')"}}},"outputs":{}},"connectionReferences":{"shared_sharepointonline":{"connectionName":"25e92701563f4536be8813484672e55d","source":"Embedded","id":"/providers/Microsoft.PowerApps/apis/shared_sharepointonline","tier":"NotSpecified"},"shared_kaizala":{"connectionName":"shared-kaizala-5a8d47e3-dd3d-43c3-b138-deef5ff91c39","source":"Embedded","id":"/providers/Microsoft.PowerApps/apis/shared_kaizala","tier":"NotSpecified"}},"flowFailureAlertSubscribed":false}}