{"title":"Delivery Approval","visibility":"All","allowSendReminder":"Sender","isAnonymous":false,"isResponseAppended":true,"isLocationRequired":false,"questions":[{"valif":null,"visif":"{}","title":"Approval to send courier","type":"SingleSelect","displayType":"RadioButton","config":{"addPageBreak":true,"isCameraOnlyImageSource":false,"attachmentListType":0},"isInvisible":false,"options":[{"title":"Yes","pictureUrl":null},{"title":"No","pictureUrl":null},{"title":"Handover to security","pictureUrl":null}],"isExcludedFromReporting":false,"isOptional":false}],"properties":null,"expiry":0,"reportType":"none","type":20}