{"SchemaVersion":1,"TemplateType":3,"CardTemplateId":"20b6a53e-7bb8-4554-bc46-b926f35aa34f","BaseCardTemplateId":"20b6a53e-7bb8-4554-bc46-b926f35aa34f","ParentCardTemplateId":"Form","BaseCardTemplateVersion":1,"CardTemplateMinorVersion":1,"Name":"Delivery Package","Icon":"SurveyIcon.png","Description":"Approval survey to whether to accept the package or not","ActionClassifications":"default","CardDataFile":"CardData.json_processed","VisibleInDrawer":true,"IsLocalised":1,"IsPinned":0,"IsInFocus":0,"ForTesting":0,"IsSearchable":0,"ActionScope":"Group","ConversationSelectionType":"UserSelected","ActionForwardPolicy":0,"Views":[{"ChatCanvasCardView":{"ShowResponseCount":0,"ViewType":"Html","ShowExpiry":0,"LabelResponded":"Your approval sent to security","ContentSubTextField":"Expiry","LabelResponseSending":"Sending response","LabelResponseFailed":"Response could not be sent","ResponseQuestionId":-1,"ShowHeader":1,"ShowFooter":1,"IsResponseEditable":0,"ShowComments":0,"ShowReceipts":0,"ShowLikes":0}},{"CreationView":{"ShowNativeToolbar":0,"ViewType":"Html","BackDialogVisibility":1,"BackDialogTitle":"Back to chat","BackDialogDescription":"Do you want to cancel and go back to chat?","View":"SurveyResponse.html","iosView":"SurveyResponse.html"}},{"ResponseResultsView":{"Visible":1,"View":"SurveySummary.html","iosView":"SurveySummary.html","ShowNativeToolbar":0,"BackDialogVisibility":1,"BackDialogTitle":"Back to chat","BackDialogDescription":"Do you want to cancel and go back to chat?","ViewType":"Html","ShowCloseCardSection":1,"ShowSendReminderSection":0,"ShowQuestionHeader":1,"LabelPageHeader":"Delivery Package","LabelCloseInfo":"LabelCloseInfoPlaceHolder {0}","LabelActionExpired":"LabelActionExpiredPlaceHolder","LabelNotResponded":"LabelNotRespondedPlaceHolder","LabelRespondNow":"LabelRespondNowPlaceHolder","LabelAddResponse":"LabelAddResponsePlaceHolder","LabelQuestions":"LabelQuestionsPlaceHolder","LabelCloseAction":"LabelCloseActionPlaceHolder","LabelShareActionResults":"LabelShareActionResultsPlaceHolder","LabelDuplicateAction":"LabelDuplicateActionPlaceHolder","LabelDuplicateActionSubText":"LabelDuplicateActionSubTextPlaceHolder","LabelCloseActionConfirmation":"LabelCloseActionConfirmationPlaceHolder"}}]}