{
  "Survey": "Pesquisa",
  "Ask a series of questions & get people’s opinion": "Faça uma série de perguntas e receba a opinião das pessoas",
  "_Ask a series of questions & get people’s opinion.cooment": "Descrição do aplicativo visível na tela Descobrir",
  "NewSurveyPageTitle": "Nova Pesquisa",
  "IncompleteDetailsAlertTitle": "Adicione Detalhes Ausentes",
  "IncompleteDetailsAlertMessage": "Detalhes da pesquisa e pergunta são necessários antes de prosseguir",
  "IncompleteQuestionDetailsMessage": "Preencha todos os campos obrigatórios",
  "OK": "OK",
  "SurveyOptionsPageTitle": "Opções de Pesquisa",
  "Send": "ENVIAR",
  "Next": "AVANÇAR",
  "Done": "CONCLUÍDO",
  "SurveyAddCoverImage": "Adicionar uma Imagem de capa",
  "SurveyChangeCoverImage": "Alterar a Imagem da capa",
  "SurveyDetails": "DETALHES DA PESQUISA",
  "SurveyDetailsPageTitle": "Detalhes da Pesquisa",
  "SurveyAddQuestion": "Adicionar uma pergunta",
  "SurveyOptionsTotalQuestion": "Essa pesquisa tem 1 Pergunta",
  "SurveyOptionsTotalQuestions": "Esta pesquisa tem {0} Perguntas",
  "Settings": "CONFIGURAÇÕES",
  "SurveyExpiryTitle": "Expiração da Pesquisa: {0}",
  "SurveyMultipleResponseTitle": "Permitir Várias Respostas",
  "SurveyExpirySubTitle": "Defina a hora e a data final para aceitar respostas",
  "SurveyVisibilityAllTitle": "Resultados visíveis para todos",
  "SurveyVisibilitySenderTitle": "Resultados visíveis somente para mim",
  "SurveyVisibilityAdminTitle": "Resultados visíveis somente para os Administradores",
  "SurveyAllowSendReminderAllTitle": "Qualquer pessoa pode enviar lembretes",
  "SurveyAllowSendReminderSenderTitle": "Somente eu posso enviar um lembrete",
  "SurveyAllowSendReminderAdminTitle": "Os administradores e eu podemos enviar um lembrete",
  "SurveyVisibilitySubTitle": "Defina quem poderá ver os resultados de pesquisa.",
  "SurveyAllowSendReminderSubTitle": "Definir quem pode enviar um lembrete.",
  "SurveyMultipleResponseSubTitle": "Permitir que os usuários respondam várias vezes",
  "SurveyVisibilityHeader": "Quem pode ver os Resultados da pesquisa",
  "SurveyAllowSendReminderHeader": "Quem pode enviar lembretes",
  "SurveyVisibilityEveryOne": "Todos",
  "SurverVisibilityOnlyMe": "Somente eu",
  "SurveyVisibilityAdmin": "Somente Administradores",
  "SurveyAllowSendReminderEveryOne": "Qualquer pessoa",
  "SurveyAllowSendReminderOnlyMe": "Somente eu",
  "SurveyAllowSendReminderAdmin": "Eu e os administradores",
  "SurveyResponseLocationTitle": "Capturar localização com respostas",
  "SurveyResponseLocationSubTitle": "Colete a localização do respondente juntamente com as respostas dele à pesquisa",
  "SurveyMandatoryResponseLocationTitle": "Toque para tornar o local uma parte obrigatória da resposta",
  "SurveyDetailsTitleHeader": "Título da Pesquisa",
  "SurveyDetailsTitlePlaceholder": "Por exemplo: Pesquisa de Mercado",
  "SurveyDetailsDescriptionHeader": "Descrição da Pesquisa (Opcional)",
  "SurveyDetailsDescriptionPlaceholder": "Sobre o que é esta Pesquisa?",
  "SurveyMultpleOptionPlaceholder": "Opção {0}",
  "SurveyQuestionHeader": "Pergunta",
  "SurveyOptionAnswerHeader": "Resposta",
  "SurveyOptionSettingHeader": "Configurações",
  "SurveyQuestionPlaceHolder": "Toque para inserir",
  "SurveyAllowMultipleAnswerTitle": "Permitir que mais de uma resposta seja selecionada",
  "SurveyAddMoreOptionTalkBack": "Nova opção adicionada. Passe o dedo para a esquerda para acessar a opção ou dê um toque duplo para adicionar uma nova opção",
  "SurveyQuestionPageBreakTitle": "Adicionar quebra de página",
  "SurveyImageQuestionOnlyCamera": "Permitir somente Câmera",
  "SurveyImageQuestionSingleImages": "Restringir a uma imagem única",
  "SurveyImageQuestionSingleImages.comment": "Texto de título para permitir somente um anexo de imagem",
  "SurveyMultpleOptionAddMoreOption": "+ Adicionar mais opções",
  "SurveyQuestionPickerHeader": "ESCOLHER TIPO DE RESPOSTA",
  "SurveyQuestionPickerCloseButtonTitle": "FECHAR",
  "SurveyOptionCount": "Opções {0}",
  "LinkedQuesInfo": "Vinculada à pergunta {0}",
  "Multiple Choice": "Múltipla Escolha",
  "Text Response": "Texto",
  "Numeric Response": "Numérico",
  "Drop Down": "Menu Suspenso",
  "Image Upload": "Imagem",
  "Phone Number": "Telefone",
  "Date": "Data",
  "DeleteConfirmationDailogTitle": "Excluir Pergunta {0}?",
  "DeleteConfirmationDailogMessage": "Se for excluída, esta pergunta não aparecerá na pesquisa.",
  "DependencyQuestionInfoMessage": "A visibilidade desta pergunta depende da resposta à pergunta {0}",
  "DependencyQuestionDeleteConfirmationDailogMessage": "Esta pergunta tem perguntas vinculadas a ela. Com a exclusão, o vínculo será removido.",
  "DiscardConfirmationDailogBackButton": "CANCELAR",
  "DiscardConfirmationDailogDeleteButton": "EXCLUIR",
  "SurveyDiscardDailogTitle": "Quer mesmo sair?",
  "SurveyDiscardConfirmationDailogMessage": "Você perderá todas as alterações feitas",
  "QuestionDiscardConfirmationDailogTitle": "Descartar Pergunta?",
  "QuestionDiscardConfirmationDailogMessage": "Todas as alterações serão perdidas",
  "QuestionDiscardConfirmationDailogBackButton": "CANCELAR",
  "QuestionDiscardConfirmationDailogDeleteButton": "DESCARTAR",
  "ContinueButton": "CONTINUAR",
  "StayButton": "PERMANECER",
  "LeaveButton": "SAIR",
  "ConfirmButton": "CONFIRMAR",
  "title_sent": "Para <b>%s</b>",
  "subtitle": "%s para <b>%s</b>",
  "all_filter": "Mostrar tudo",
  "complete_filter": "Somente concluídos",
  "grouping_option_string": "Agrupar por pessoas",
  "incomplete_filter": "Somente não concluídos",
  "title_received": "<b>%s</b>",
  "description_string": "%s",
  "_description_string": "Descrição do Item de Foco",
  "SurveyResponseTitle": "Resposta da Pesquisa",
  "Start": "INICIAR",
  "QuestionCountLabel": "{0} Pergunta",
  "QuestionsCountLabel": "{0} Perguntas",
  "ChooseYourAnswerLabel": "Escolha Sua Resposta",
  "YourResponseLabel": "Sua Resposta",
  "Clear": "LIMPAR",
  "ProgressTextLabel": "{0} de {1}",
  "NumericPlaceHolderText": "Insira Aqui",
  "TapToAddPhoto": "TOQUE PARA ADICIONAR UMA FOTO",
  "AllQuestionRespondedHeader": "Todas as perguntas respondidas!",
  "PendingQuestionHeader": "{0} pergunta pendente",
  "PendingQuestionsHeader": "{0} perguntas pendentes",
  "YouResponded": "Sua Resposta: ",
  "Submit": "ENVIAR",
  "Respond": "Responder",
  "ResponseSummaryTitle": "Resumo da Resposta",
  "ReponseLocationPageHeader": "<b>{0}</b> solicitou sua localização antes que você possa continuar.",
  "Refresh": "ATUALIZAR",
  "LocationUnavaliable": "Localização indisponível",
  "LocationTryAgain": "Toque em atualizar para tentar novamente",
  "ResponseNameTitle": "NOME DA RESPOSTA",
  "PageLoadProgressTitle": "Buscando dados...",
  "SummaryNavTitle": "Pesquisa",
  "ErrorTitle": "Algo deu errado",
  "ErrorSubtitle": "Verifique sua conexão e tente novamente",
  "ErrorActionTitle": "TENTAR NOVAMENTE",
  "SentTo": "Enviada para",
  "SurveyClosed": "A pesquisa está fechada",
  "ViewMoreText": "Exibir mais",
  "ViewLessText": "Exibir menos",
  "MyResonses": "MINHAS RESPOSTAS",
  "NotResponded": "Você ainda não respondeu",
  "Responded": "Respondeu",
  "RespondNow": "RESPONDER AGORA",
  "MyResponses": "MINHAS RESPOSTAS",
  "AddNewResponse": "Adicionar uma nova resposta",
  "SurveyQuestions": "PERGUNTAS DA PESQUISA",
  "Insights": "INFORMAÇÕES",
  "AllResponsesModuleHeader": "TODAS AS RESPOSTAS",
  "CloseSurvey": "Fechar Pesquisa",
  "ShareSurveyResults": "Link para os Resultados da Pesquisa",
  "RemindPeopleToRespond": "Lembrar as pessoas de responder",
  "DuplicateThisSurvey": "Duplicar esta Pesquisa",
  "TapToGetLink": "Toque para gerar link para os resultados da pesquisa",
  "TapToSendReminder": "Toque para enviar lembrete",
  "CopyQuestionsAndCreateSurvey": "Criar uma nova Pesquisa usando as mesmas questões",
  "GettingLink": "Obtendo link...",
  "TapToShareLink": "Toque para compartilhar link",
  "Responses": "Respostas",
  "Respondents": "Entrevistados",
  "AllResponses": "Todas as respostas",
  "MultipleChoice": "Múltipla escolha",
  "TextInput": "Entrada de texto",
  "NumberInput": "Entrada de número",
  "ImageAttachment": "Anexo de imagem",
  "X_Responses": "{0} respostas",
  "FROM_X_Respondents": "De {0} entrevistados",
  "SURVEY_CLOSES_ON_X": "A pesquisa fecha em {0}",
  "X_Of_Y_People": "{0} de {1} pessoas",
  "X_People": "{0} pessoas",
  "One_Person": "1 pessoa",
  "One_Person.comment": "Cadeia de caracteres estática. Usada nas informações das respostas.",
  "AggregationNotSupported": "A agregação deste tipo de pergunta não tem suporte. Baixe os resultados da pesquisa para obter detalhes",
  "ExpiresIn": "Expira em {0}",
  "NextButtonTitle": "Avançar",
  "PreviousButtonTitle": "Anterior",
  "SumTitle": "Soma",
  "AverageTitle": "Média",
  "QuestionResponsesNavTitle": "Pergunta {0} de {1}",
  "QuestionResponsesTitle": "RESPOSTAS (TOTAL DE {0})",
  "CurrentUserResponsesNavTitle": "Suas respostas",
  "UserResponsesNavTitle": "Respostas de {0}",
  "SingleResponseMyResponseTitle": "Você respondeu",
  "SingleResponseNavTitle": "Resposta de {0}",
  "CurrentUserSingleResponseNavTitle": "Sua resposta",
  "SubmitResponseTitle": "Enviar Resposta",
  "SurveyEditPageTitle": "Editar Pesquisa",
  "SummaryEditSurveyTitle": "Editar Pesquisa",
  "EditSurveySubTitle": "Toque para editar as configurações e o título da Pesquisa. Não é possível editar as perguntas da pesquisa.",
  "SurveyEditPageUpdateButton": "ATUALIZAR",
  "EditSurveyPageUserMessage": "Somente os detalhes da pesquisa e as configurações podem ser editadas. Para outras alterações, talvez você precise criar uma nova pesquisa",
  "UnsavedChanges": "Descartar Alterações?",
  "DiscardConfirmationDailogDiscardButton": "DESCARTAR",
  "EditSurveyDiscardConfirmationDailogMessage": "Todas as suas alterações serão perdidas se você descartar",
  "EditSurveyFailureMessage": "Não é possível editar a pesquisa neste momento. Tente novamente.",
  "EditSurveyNoUpdates": "Não há alterações feitas a esta Pesquisa",
  "EditPageUpdatingMsg": "Atualizando...",
  "Cancel": "CANCELAR",
  "DefaultResponseName": "Resposta {0}",
  "LocationDisclaimerText": "Sua localização será necessária como parte desta pesquisa. O Kaizala não acessará ou usará sua localização sem o seu consentimento.",
  "DiscardSurveyResponseDailogMessage": "Tem certeza de que deseja descartar sua resposta?",
  "ResponseSummaryLocationText": "Sua localização será compartilhada como parte desta resposta.",
  "FetchingDetailedSummary": "Buscando detalhes...",
  "NumericInputErrorLabel": "Aceita somente Entradas Numéricas",
  "DeleteCoverImage": "Excluir Imagem da Capa",
  "DeletedCoverImage": "Excluir a imagem da capa de pesquisa",
  "CoverImage": "Imagem da Capa",
  "QuestionHeaderText": "Pergunta {0}, {1}",
  "DeleteQuestion": "Excluir Pergunta",
  "DeleteOption": "Excluir Opção",
  "DeletedOptionTalkback": "Opção excluída",
  "OptionDeleteConfirmationDailogTitle": "Excluir Opção?",
  "DropDownOptionDeleteConfirmationDailogTitle": "Confirmar Alterações?",
  "OptionDeleteConfirmationDailogMessage": "Se for excluída, esta opção não aparecerá na pergunta",
  "DependencyDropDownOptDeleteConfirmationDialogMessage": "Você excluiu ou editou uma opção que tem perguntas vinculadas a ela. Se você prosseguir, o vínculo será removido.",
  "DependencyOptionDeleteConfirmationDailogMessage": "Esta opção tem perguntas vinculadas a ela. Com a exclusão, o vínculo será removido.",
  "Edit": "Editar",
  "SurveyDropDownAnswersPlaceHolderText": "Adicionar opções de resposta. Use a tecla Enter para adicionar opções.",
  "SurveyMakeThisQuestionOptionalText": "Faça esta pergunta opcional",
  "TapToSelectOptionText": "Toque para selecionar uma opção",
  "AnswerChoicesText": "Opções de Resposta",
  "MultipleImageSelectionError": "Você selecionou várias imagens. Somente a primeira imagem será enviada. Toque em limpar para usar outra imagem",
  "TapToOpenCamera": "TOQUE PARA ABRIR A CÂMERA",
  "DateResponseSelectDate": "Selecionar data",
  "DateResponseTapToAddDate": "Toque para adicionar uma data",
  "PhoneNumberResponseEnterPhoneNumber": "Inserir Número de Telefone",
  "QuestionHeader": "PERGUNTA {0}",
  "NotRespondedTitle": "Não Respondido",
  "SendReminder": "ENVIAR LEMBRETE",
  "FeatureNotAvailableForForumMsg": "Este recurso não está disponível atualmente para este grupo",
  "QuestionRangeErrorString": "A resposta deve estar entre {0} e {1}",
  "QuestionLengthRangeErrorString": "O tamanho da resposta deve estar entre {0} e {1}",
  "QuestionPhoneNumberLengthErrorString": "O tamanho do número do telefone deve ser {0}",
  "QuestionRangeOnlyIntegersErrorString": "A resposta deve ser um inteiro e deve estar entre {0} e {1}",
  "QuestionResponseIntegerOnlyError": "A resposta deve ser um inteiro ",
  "QuestionRangeHelpText": "Digite uma resposta entre {0} e {1}",
  "QuestionRangeIntHelpText": "Digite um Inteiro entre {0} e {1}",
  "QuestionLengthHelpText": "Digite uma resposta com tamanho entre {0} e {1}",
  "QuestionPhoneNumberLengthHelpText": "Digite um número de telefone com {0}",
  "QuestionResponseIntegerOnlyHelpText": "Digite um valor inteiro",
  "Optional": "Opcional",
  "NumericInputHelpText": "Digite somente números",
  "NumericInputHelpText.comment": "Texto de ajuda para entrada numérica errada",
  "Warning": "Aviso!!!",
  "Survey_Title": "Pesquisa",
  "Survey_ReminderTitle": "Lembrete de Pesquisa",
  "Survey_Questions": "perguntas",
  "Survey_Question": "pergunta",
  "Survey_SummaryText_NoResponse_Creator": "Aguardando respostas",
  "Survey_SummaryText_NoResponse_Receiver": "Seja o primeiro a responder!",
  "Survey_SummaryText_CompleteResponse": "Todas as pessoas responderam a esta pesquisa",
  "Survey_SummaryText_IncompleteResponse": "{0} de {1} pessoas responderam",
  "Survey_SummaryText_IncompleteResponse_Public_Grp": "{0} pessoas responderam",
  "Survey_SummaryText_OneResponse_Public_Grp": "1 pessoa respondeu",
  "Survey_RespondButton_Title": "Responder à Pesquisa",
  "Survey_AddNewResponseButton_Title": "Adicionar outra resposta",
  "Survey_Edited_Text": ". Editado",
  "SurveySummaryPageTitle": "Resumo da Pesquisa",
  "SurveyResponsePageTitle": "Resposta da Pesquisa",
  "SurveyCreationPageTitle": "Criação de Pesquisa",
  "RefreshResponsesButtonTitle": "Atualizar respostas",
  "AddQuestionHere": "Adicionar pergunta aqui",
  "ResponderLocation": "Localização do Respondente"
}