{
  "Survey": "Utafiti",
  "Ask a series of questions & get people’s opinion": "Uliza mfululizo wa maswali na upate maoni ya watu",
  "_Ask a series of questions & get people’s opinion.cooment": "Ufafanuzi wa Programu unaonekana katika skrini ya Gundua",
  "NewSurveyPageTitle": "Utafiti Mpya",
  "IncompleteDetailsAlertTitle": "Ongeza Maelezo Yanayokosekana",
  "IncompleteDetailsAlertMessage": "Maelezo ya utafiti na swali vinahitajika kabla hujaendelea",
  "IncompleteQuestionDetailsMessage": "Tafadhali jaza nyuga zote zinazohitajika",
  "OK": "Sawa",
  "SurveyOptionsPageTitle": "Machaguo ya Utafiti",
  "Send": "TUMA",
  "Next": "IFUATAYO",
  "Done": "IMEKAMILIKA",
  "SurveyAddCoverImage": "Ongeza Taswira ya jalada",
  "SurveyChangeCoverImage": "Badilisha Taswira ya jalada",
  "SurveyDetails": "MAELEZO YA UTAFITI",
  "SurveyDetailsPageTitle": "Maelezo ya Utafiti",
  "SurveyAddQuestion": "Ongeza swali",
  "SurveyOptionsTotalQuestion": "Utafiti huu una Swali 1",
  "SurveyOptionsTotalQuestions": "Utafiti huu una Maswali {0}",
  "Settings": "MIPANGILIO",
  "SurveyExpiryTitle": "Utafiti Utakwisha Muda: {0}",
  "SurveyMultipleResponseTitle": "Ruhusu Majibu Mengi",
  "SurveyExpirySubTitle": "Weka tarehe na wakati ili ukubali majibu",
  "SurveyVisibilityAllTitle": "Majibu yanaonekana kwa kila mtu",
  "SurveyVisibilitySenderTitle": "Majibu yanaonekana kwangu pekee",
  "SurveyVisibilityAdminTitle": "Matokeo yanayoonekana na Wasimamizi pekee",
  "SurveyAllowSendReminderAllTitle": "Yeyote anaweza kutuma kikumbusho",
  "SurveyAllowSendReminderSenderTitle": "Ni mimi tu ndiye ninaweza kutuma kikumbusho",
  "SurveyAllowSendReminderAdminTitle": "Mimi na wasimamizi tunaweza kutuma kikumbusho",
  "SurveyVisibilitySubTitle": "Weka anayeweza kuona matokeo ya utafiti.",
  "SurveyAllowSendReminderSubTitle": "Weka anayeweza kutuma kikumbusho.",
  "SurveyMultipleResponseSubTitle": "Ruhusu watumiaji wajibu mara nyingi",
  "SurveyVisibilityHeader": "Anayeweza kuona majibu ya Utafiti",
  "SurveyAllowSendReminderHeader": "Anayeweza kutuma vikumbusho",
  "SurveyVisibilityEveryOne": "Kila mtu",
  "SurverVisibilityOnlyMe": "Mimi pekee",
  "SurveyVisibilityAdmin": "Wasimamizi pekee",
  "SurveyAllowSendReminderEveryOne": "Mtu yeyote",
  "SurveyAllowSendReminderOnlyMe": "Mimi pekee",
  "SurveyAllowSendReminderAdmin": "Mimi na wasimamizi",
  "SurveyResponseLocationTitle": "Nasa eneo lenye majibu",
  "SurveyResponseLocationSubTitle": "Kusanya eneo la mhojiwa pamoja na jibu lake la utafiti",
  "SurveyMandatoryResponseLocationTitle": "Gonga ili kufanya eneo kuwa sehemu ya lazima ya jibu",
  "SurveyDetailsTitleHeader": "Kicha cha Utafiti",
  "SurveyDetailsTitlePlaceholder": "Mfano: Utafiti wa Soko",
  "SurveyDetailsDescriptionHeader": "Maelezo ya Utafiti (Ya hiari)",
  "SurveyDetailsDescriptionPlaceholder": "Utafiti huu unahusu nini?",
  "SurveyMultpleOptionPlaceholder": "Chaguo {0}",
  "SurveyQuestionHeader": "Swali",
  "SurveyOptionAnswerHeader": "Jibu",
  "SurveyOptionSettingHeader": "Mipangilio",
  "SurveyQuestionPlaceHolder": "Gonga ili uweke",
  "SurveyAllowMultipleAnswerTitle": "Ruhusu zaidi ya jibu moja kuteuliwa",
  "SurveyAddMoreOptionTalkBack": "Chaguo jipya limeongezwa. Telezesha kushoto ili ufikie chaguo. Au gonga mara mbili ili uongeze chaguo jipya",
  "SurveyQuestionPageBreakTitle": "Ongeza kigawa ukusara",
  "SurveyImageQuestionOnlyCamera": "Ruhusu Kamera pekee",
  "SurveyImageQuestionSingleImages": "Ruhusu taswira moja pekee",
  "SurveyImageQuestionSingleImages.comment": "Yape matini kichwa ili kuruhusu kiambatisho cha taswira moja pekee",
  "SurveyMultpleOptionAddMoreOption": "+ Ongeza machaguo zaidi",
  "SurveyQuestionPickerHeader": "CHAGUA AINA YA MAJIBU",
  "SurveyQuestionPickerCloseButtonTitle": "FUNGA",
  "SurveyOptionCount": "Machaguo {0}",
  "LinkedQuesInfo": "Limeunganishwa na swali {0}",
  "Multiple Choice": "Viteuzi vya Majibu",
  "Text Response": "Matini",
  "Numeric Response": "Nambari",
  "Drop Down": "Kunjuzi",
  "Image Upload": "Taswira",
  "Phone Number": "Nambari ya Simu",
  "Date": "Tarehe",
  "DeleteConfirmationDailogTitle": "Futa Swali {0}?",
  "DeleteConfirmationDailogMessage": "Ikifutwa, swali hili halitaonekana katika utafiti.",
  "DependencyQuestionInfoMessage": "Mwonekano wa swali hili unategemea jibu la swali {0}",
  "DependencyQuestionDeleteConfirmationDailogMessage": "Swali hili lina maswali yaliyounganishwa kwalo. Wakati wa kufuta, kiungo kitapotea.",
  "DiscardConfirmationDailogBackButton": "KATISHA",
  "DiscardConfirmationDailogDeleteButton": "FUTA",
  "SurveyDiscardDailogTitle": "Je, una uhakika unataka kuondoka?",
  "SurveyDiscardConfirmationDailogMessage": "Utapoteza mabadiliko yoyote uliyoyafanya",
  "QuestionDiscardConfirmationDailogTitle": "Puuza Swali?",
  "QuestionDiscardConfirmationDailogMessage": "Mabadiliko yako yote yatapotea",
  "QuestionDiscardConfirmationDailogBackButton": "KATISHA",
  "QuestionDiscardConfirmationDailogDeleteButton": "PUUZA",
  "ContinueButton": "ENDELEA",
  "StayButton": "SALIA",
  "LeaveButton": "ONDOKA",
  "ConfirmButton": "THIBITISH",
  "title_sent": "Kwa <b>%s</b>",
  "subtitle": "%s kwa <b>%s</b>",
  "all_filter": "Onyesha zote",
  "complete_filter": "Zilizokamilika pekee",
  "grouping_option_string": "Weka kikundini kulingana na watu",
  "incomplete_filter": "Zisizokamilika pekee",
  "title_received": "<b>%s</b>",
  "description_string": "%s",
  "_description_string": "Maelezo ya Kipengee Lengwa",
  "SurveyResponseTitle": "Jibu la Utafiti",
  "Start": "ANZA",
  "QuestionCountLabel": "Swali {0}",
  "QuestionsCountLabel": "Maswali {0}",
  "ChooseYourAnswerLabel": "Chagua Jibu Lako",
  "YourResponseLabel": "Jibu Lako",
  "Clear": "FUTA",
  "ProgressTextLabel": "{0} kati ya {1}",
  "NumericPlaceHolderText": "Weka Hapa",
  "TapToAddPhoto": "GONGA ILI KUONGEZA PICHA",
  "AllQuestionRespondedHeader": "Maswali yote yamejibiwa!",
  "PendingQuestionHeader": "Swali {0} linasubiri",
  "PendingQuestionsHeader": "Maswali {0} yanasubiri",
  "YouResponded": "Jibu Lako:",
  "Submit": "WASILISHA",
  "Respond": "Jibu",
  "ResponseSummaryTitle": "Muhtasari wa Jibu",
  "ReponseLocationPageHeader": "<b>{0}</b> ameomba eneo lako kabla hujaendelea.",
  "Refresh": "ONYESHA UPYA",
  "LocationUnavaliable": "Eneo halipo",
  "LocationTryAgain": "Gonga kwenye onyesha upya ili kujaribu tena",
  "ResponseNameTitle": "JINA LA JIBU",
  "PageLoadProgressTitle": "Inatafuta data...",
  "SummaryNavTitle": "Utafiti",
  "ErrorTitle": "Hitilafu imetokea",
  "ErrorSubtitle": "Angalia muunganisho wako na ujaribu tena",
  "ErrorActionTitle": "JARIBU TENA",
  "SentTo": "Limetumwa kwa",
  "SurveyClosed": "Utafiti umefungwa",
  "ViewMoreText": "Tazama zaidi",
  "ViewLessText": "Tazama chache",
  "MyResonses": "MAJIBU YANGU",
  "NotResponded": "Bado hujajibu",
  "Responded": "Amejibu",
  "RespondNow": "JIBU SASA",
  "MyResponses": "MAJIBU YANGU",
  "AddNewResponse": "Ongeza jibu jipya",
  "SurveyQuestions": "MASWALI YA UTAFITI",
  "Insights": "INSIGHTS",
  "AllResponsesModuleHeader": "MAJIBU YOTE",
  "CloseSurvey": "Funga Utafiti",
  "ShareSurveyResults": "Kiungo cha Matokeo ya Utafiti",
  "RemindPeopleToRespond": "Wakumbushe watu wajibu",
  "DuplicateThisSurvey": "Rudufu Utafiti huu",
  "TapToGetLink": "Gonga ili upate kiungo cha matokeo ya utafiti",
  "TapToSendReminder": "Gonga ili kutuma kikumbusho",
  "CopyQuestionsAndCreateSurvey": "Unda Utafiti mpya ukitumia maswali sawa",
  "GettingLink": "Inapata kiungo...",
  "TapToShareLink": "Gonga ili kushiriki kiungo",
  "Responses": "Majibu",
  "Respondents": "Wahojiwa",
  "AllResponses": "Majibu yote",
  "MultipleChoice": "Viteuzi vya majibu",
  "TextInput": "Ingizo la matini",
  "NumberInput": "Ingizo la nambari",
  "ImageAttachment": "Kiambatisho cha taswira",
  "X_Responses": "Majibu {0}",
  "FROM_X_Respondents": "Kutoka kwa wahojiwa {0}",
  "SURVEY_CLOSES_ON_X": "Utafiti utafungwa mnamo {0}",
  "X_Of_Y_People": "Watu {0} kati ya {1}",
  "X_People": "Watu {0}",
  "One_Person": "Mtu 1",
  "One_Person.comment": "Mtungo tuli. Inatumiwa katika insights za majibu.",
  "AggregationNotSupported": "Ujumuishaji wa aina ya swali hili hauauniwi. Tafadhali pakua matokeo ya utafiti kwa maelezo",
  "ExpiresIn": "Itaisha muda {0}",
  "NextButtonTitle": "Ifuatayo",
  "PreviousButtonTitle": "Awali",
  "SumTitle": "Jumla",
  "AverageTitle": "Wastani",
  "QuestionResponsesNavTitle": "Swali {0} kati ya {1}",
  "QuestionResponsesTitle": "MAJIBU ({0} JUMLA)",
  "CurrentUserResponsesNavTitle": "Majibu yako",
  "UserResponsesNavTitle": "Majibu ya {0}",
  "SingleResponseMyResponseTitle": "Ulijibu",
  "SingleResponseNavTitle": "Jibu la {0}",
  "CurrentUserSingleResponseNavTitle": "Jibu lako",
  "SubmitResponseTitle": "Wasilisha Jibu",
  "SurveyEditPageTitle": "Hariri Utafiti",
  "SummaryEditSurveyTitle": "Hariri Utafiti",
  "EditSurveySubTitle": "Gonga ili uhariri kichwa cha Utafiti na mipangilio. Maswali ya utafiti hayawezi kuhaririwa.",
  "SurveyEditPageUpdateButton": "SASISHA",
  "EditSurveyPageUserMessage": "Ni maelezo ya utafiti na mipangilio iliyoteuliwa pekee inayoweza kuhaririwa. Kwa mabadiliko zaidi, huenda ukaunda utafiti mpya",
  "UnsavedChanges": "Puuza Mabadiliko?",
  "DiscardConfirmationDailogDiscardButton": "PUUZA",
  "EditSurveyDiscardConfirmationDailogMessage": "Mabadiliko yako yote yatapotea ukipuuza",
  "EditSurveyFailureMessage": "Imeshindwa kuhariri utafiti kwa sasa. Tafadhali jaribu tena.",
  "EditSurveyNoUpdates": "Hakuna mabadiliko yaliyofanywa kwenye Utafiti huu",
  "EditPageUpdatingMsg": "Inasasisha...",
  "Cancel": "KATISHA",
  "DefaultResponseName": "Jibu {0}",
  "LocationDisclaimerText": "Eneo lako litahitajika kama sehemu ya utafiti huu. Kaizala haitafikia wala kutumia eneo lako bila ridhaa yako.",
  "DiscardSurveyResponseDailogMessage": "Una uhakika unataka kupuuza jibu lako?",
  "ResponseSummaryLocationText": "Eneo lako litashirikiwa kama sehemu ya jibu hili.",
  "FetchingDetailedSummary": "Inaleta maelezo...",
  "NumericInputErrorLabel": "Ingizo la Nambari pekee ndilo linalokubaliwa",
  "DeleteCoverImage": "Futa Taswira ya Jalada",
  "DeletedCoverImage": "Imefuta taswira ya jalada la utafiti",
  "CoverImage": "Taswira ya Jalada",
  "QuestionHeaderText": "Swali {0}, {1}",
  "DeleteQuestion": "Futa Swali",
  "DeleteOption": "Futa Chaguo",
  "DeletedOptionTalkback": "Imefuta chaguo",
  "OptionDeleteConfirmationDailogTitle": "Futa Chaguo?",
  "DropDownOptionDeleteConfirmationDailogTitle": "Thibitisha Mabadiliko?",
  "OptionDeleteConfirmationDailogMessage": "Likifutwa, chaguo hili halitaonekana katika swali",
  "DependencyDropDownOptDeleteConfirmationDialogMessage": "Umefuta au kuhariri chaguo lililo na swali lililiounganishwa nalo. Ukiendelea, kiungo kitaondolewa.",
  "DependencyOptionDeleteConfirmationDailogMessage": "Chaguo hili lina maswali yaliyounganishwa kwalo. Wakati wa kufuta, kiungo kitapotea.",
  "Edit": "Hariri",
  "SurveyDropDownAnswersPlaceHolderText": "Ongeza chaguo za majibu. Tumia kitufe cha Enter kuongeza chaguo.",
  "SurveyMakeThisQuestionOptionalText": "Fanya swali hili liwe la hiari",
  "TapToSelectOptionText": "Gonga ili uteue chaguo",
  "AnswerChoicesText": "Chaguo za Majibu",
  "MultipleImageSelectionError": "Umeteua Taswira anuwai. Taswira ya kwanza pekee ndiyo itakayotumwa. Tafadhali gonga kwenye futa ili utumie Picha tofauti",
  "TapToOpenCamera": "GONGA ILI KUFUNGUA KAMERA",
  "DateResponseSelectDate": "Teua tarehe",
  "DateResponseTapToAddDate": "Gonga ili uongeze",
  "PhoneNumberResponseEnterPhoneNumber": "Weka Nambari ya Simu",
  "QuestionHeader": "SWALI {0}",
  "NotRespondedTitle": "Hujajibu",
  "SendReminder": "TUMA KIKUMBUSHO",
  "FeatureNotAvailableForForumMsg": "Kipengele hiki hakipo kwa sasa kwa ajili ya kikundi hiki",
  "QuestionRangeErrorString": "Jibu linapaswa kuwa kati ya {0} hadi {1}",
  "QuestionLengthRangeErrorString": "Urefu wa majibu lazima uwe kati ya {0} na {1}",
  "QuestionPhoneNumberLengthErrorString": "Urefu wa Namba ya simu unapaswa kuwa {0}",
  "QuestionRangeOnlyIntegersErrorString": "Jibu linapaswa liwe namba kamili na kati ya {0} na {1}",
  "QuestionResponseIntegerOnlyError": "Jibu linapaswa liwe namba kamili ",
  "QuestionRangeHelpText": "Chapa jibu kati ya {0} na {1}",
  "QuestionRangeIntHelpText": "Chapa Namba kamili kati ya {0} na {1}",
  "QuestionLengthHelpText": "Chapa jibu lenye urefu kati ya {0} na {1}",
  "QuestionPhoneNumberLengthHelpText": "Chapa Namba ya simu yenye urefu {0}",
  "QuestionResponseIntegerOnlyHelpText": "Chapa Namba kamili",
  "Optional": "Ya hiari",
  "NumericInputHelpText": "Aina ya namba tu",
  "NumericInputHelpText.comment": "Matini ya usaidizi kwa ingizo la tarakimu isiyo sahihi",
  "Warning": "Onyo!!!",
  "Survey_Title": "Utafiti",
  "Survey_ReminderTitle": "Kikumbusho cha Utafiti",
  "Survey_Questions": "maswali",
  "Survey_Question": "swali",
  "Survey_SummaryText_NoResponse_Creator": "Inasubiri majibu",
  "Survey_SummaryText_NoResponse_Receiver": "Kuwa wa kwanza kujibu!",
  "Survey_SummaryText_CompleteResponse": "Kila mtu amefanya utafiti huu",
  "Survey_SummaryText_IncompleteResponse": "Watu {0} kati ya {1} walijibu",
  "Survey_SummaryText_IncompleteResponse_Public_Grp": "Watu {0} walijibu",
  "Survey_SummaryText_OneResponse_Public_Grp": "Mtu 1 amejibu",
  "Survey_RespondButton_Title": "Fanya Utafiti",
  "Survey_AddNewResponseButton_Title": "Ongeza jibu jingine",
  "Survey_Edited_Text": ". Imehaririwa",
  "SurveySummaryPageTitle": "Muhtasari wa Utafiti",
  "SurveyResponsePageTitle": "Jibu la Utafiti",
  "SurveyCreationPageTitle": "Uundaji wa Utafiti",
  "RefreshResponsesButtonTitle": "Onyesha upya miitikio",
  "AddQuestionHere": "Ongeza swali hapa",
  "ResponderLocation": "Eneo la Anayejibu"
}