{
  "Survey": "Encuesta",
  "Ask a series of questions & get people’s opinion": "Realiza una serie de preguntas y recibe la opinión de tus contactos.",
  "_Ask a series of questions & get people’s opinion.cooment": "Descripción de la aplicación visible en la pantalla Descubrir",
  "NewSurveyPageTitle": "Nueva encuesta",
  "IncompleteDetailsAlertTitle": "Agregar datos que falten",
  "IncompleteDetailsAlertMessage": "Las preguntas y los detalles de la encuesta son obligatorios antes de continuar.",
  "IncompleteQuestionDetailsMessage": "Completa todos los campos obligatorios",
  "OK": "Aceptar",
  "SurveyOptionsPageTitle": "Opciones de la encuesta",
  "Send": "ENVIAR",
  "Next": "SIGUIENTE",
  "Done": "LISTO",
  "SurveyAddCoverImage": "Agregar una imagen de portada",
  "SurveyChangeCoverImage": "Cambiar la imagen de portada",
  "SurveyDetails": "DETALLES DE LA ENCUESTA",
  "SurveyDetailsPageTitle": "Detalles de la encuesta",
  "SurveyAddQuestion": "Agregar una pregunta",
  "SurveyOptionsTotalQuestion": "La encuesta tiene 1 pregunta.",
  "SurveyOptionsTotalQuestions": "La encuesta tiene {0} preguntas.",
  "Settings": "CONFIGURACIÓN",
  "SurveyExpiryTitle": "Expiración de la encuesta: {0}",
  "SurveyMultipleResponseTitle": "Permitir varias respuestas",
  "SurveyExpirySubTitle": "Establece la última fecha y hora en que se aceptarán las respuestas.",
  "SurveyVisibilityAllTitle": "Resultados visibles para todos",
  "SurveyVisibilitySenderTitle": "Resultados visibles solo para mi",
  "SurveyVisibilityAdminTitle": "Resultados visibles solo para los administradores",
  "SurveyAllowSendReminderAllTitle": "Cualquiera puede enviar avisos",
  "SurveyAllowSendReminderSenderTitle": "Solo yo puedo enviar un aviso",
  "SurveyAllowSendReminderAdminTitle": "Los administradores y mi usuario podemos enviar avisos",
  "SurveyVisibilitySubTitle": "Establece quién podrá ver los resultados de la encuesta.",
  "SurveyAllowSendReminderSubTitle": "Establece quién puede enviar un recordatorio.",
  "SurveyMultipleResponseSubTitle": "Permitir a los usuarios responder varias veces",
  "SurveyVisibilityHeader": "¿Quién puede ver los resultados de la encuesta?",
  "SurveyAllowSendReminderHeader": "¿Quién puede enviar avisos?",
  "SurveyVisibilityEveryOne": "Todos",
  "SurverVisibilityOnlyMe": "Solo yo",
  "SurveyVisibilityAdmin": "Solo administradores",
  "SurveyAllowSendReminderEveryOne": "Cualquiera",
  "SurveyAllowSendReminderOnlyMe": "Solo yo",
  "SurveyAllowSendReminderAdmin": "Mi usuario y los administradores",
  "SurveyResponseLocationTitle": "Capturar ubicación con respuestas",
  "SurveyResponseLocationSubTitle": "Recopila la ubicación del encuestado con la respuesta de la encuesta.",
  "SurveyMandatoryResponseLocationTitle": "Pulsa para que la ubicación sea una parte obligatoria de la respuesta.",
  "SurveyDetailsTitleHeader": "Título de la encuesta",
  "SurveyDetailsTitlePlaceholder": "Por ejemplo: estudio de mercado.",
  "SurveyDetailsDescriptionHeader": "Descripción de la encuesta (opcional)",
  "SurveyDetailsDescriptionPlaceholder": "¿Sobre qué trata esta encuesta?",
  "SurveyMultpleOptionPlaceholder": "Opción {0}",
  "SurveyQuestionHeader": "Pregunta",
  "SurveyOptionAnswerHeader": "Respuesta",
  "SurveyOptionSettingHeader": "Configuración",
  "SurveyQuestionPlaceHolder": "Pulsa para editar.",
  "SurveyAllowMultipleAnswerTitle": "Permitir seleccionar más de una respuesta",
  "SurveyAddMoreOptionTalkBack": "Hemos añadido una opción nueva. Desliza a la izquierda para acceder a ella o bien pulsa dos veces para añadir una opción nueva.",
  "SurveyQuestionPageBreakTitle": "Agregar salto de página",
  "SurveyImageQuestionOnlyCamera": "Permitir solo la cámara",
  "SurveyImageQuestionSingleImages": "Restringir a una imagen",
  "SurveyImageQuestionSingleImages.comment": "Texto del título para permitir solo una imagen adjunta.",
  "SurveyMultpleOptionAddMoreOption": "+ Agregar más opciones",
  "SurveyQuestionPickerHeader": "SELECCIONAR TIPO DE RESPUESTA",
  "SurveyQuestionPickerCloseButtonTitle": "CERRAR",
  "SurveyOptionCount": "{0} opciones",
  "LinkedQuesInfo": "Vinculado con la pregunta {0}",
  "Multiple Choice": "Tipo test",
  "Text Response": "Texto",
  "Numeric Response": "Numérica",
  "Drop Down": "Desplegable",
  "Image Upload": "Imagen",
  "Phone Number": "Número de teléfono",
  "Date": "Fecha",
  "DeleteConfirmationDailogTitle": "¿Eliminar la pregunta {0}?",
  "DeleteConfirmationDailogMessage": "If deleted, this question will not appear in the survey.",
  "DependencyQuestionInfoMessage": "La visibilidad de esta pregunta depende de la respuesta a la pregunta {0}",
  "DependencyQuestionDeleteConfirmationDailogMessage": "This question has questions linked to it. On deletion, the link will be removed. ",
  "DiscardConfirmationDailogBackButton": "CANCELAR",
  "DiscardConfirmationDailogDeleteButton": "ELIMINAR",
  "SurveyDiscardDailogTitle": "Are you sure you want to leave?",
  "SurveyDiscardConfirmationDailogMessage": "You’ll lose any changes you’ve made",
  "QuestionDiscardConfirmationDailogTitle": "¿Descartar la pregunta?",
  "QuestionDiscardConfirmationDailogMessage": "Se perderán todos los cambios",
  "QuestionDiscardConfirmationDailogBackButton": "CANCELAR",
  "QuestionDiscardConfirmationDailogDeleteButton": "DESCARTAR",
  "ContinueButton": "CONTINUAR",
  "StayButton": "STAY",
  "LeaveButton": "LEAVE",
  "ConfirmButton": "CONFIRM",
  "title_sent": "A <b>%s</b>",
  "subtitle": "%s a <b>%s</b>",
  "all_filter": "Mostrar todo",
  "complete_filter": "Solo completos",
  "grouping_option_string": "Agrupar por contactos",
  "incomplete_filter": "Solo incompletos",
  "title_received": "<b>%s</b>",
  "description_string": "%s",
  "_description_string": "Foco en la descripción del elemento",
  "SurveyResponseTitle": "Respuesta de la encuesta",
  "Start": "INICIAR",
  "QuestionCountLabel": "{0} pregunta",
  "QuestionsCountLabel": "{0} preguntas",
  "ChooseYourAnswerLabel": "Selecciona una respuesta",
  "YourResponseLabel": "Tu respuesta",
  "Clear": "BORRAR",
  "ProgressTextLabel": "{0} de {1}",
  "NumericPlaceHolderText": "Escribe aquí.",
  "TapToAddPhoto": "PULSAR PARA AGREGAR UNA FOTO",
  "AllQuestionRespondedHeader": "Se respondió a todas las preguntas.",
  "PendingQuestionHeader": "{0} pregunta pendiente",
  "PendingQuestionsHeader": "{0} preguntas pendientes",
  "YouResponded": "Tu respuesta: ",
  "Submit": "ENVIAR",
  "Respond": "Responder",
  "ResponseSummaryTitle": "Resumen de respuestas",
  "ReponseLocationPageHeader": "<b>{0}</b> solicitó tu ubicación antes de continuar.",
  "Refresh": "ACTUALIZAR",
  "LocationUnavaliable": "Ubicación no disponible",
  "LocationTryAgain": "Pulsa Actualizar para volver a intentarlo.",
  "ResponseNameTitle": "NOMBRE DE LA RESPUESTA",
  "PageLoadProgressTitle": "Obteniendo datos…",
  "SummaryNavTitle": "Encuesta",
  "ErrorTitle": "Hubo un problema.",
  "ErrorSubtitle": "Comprueba la conexión de red y vuelve a intentarlo.",
  "ErrorActionTitle": "REINTENTAR",
  "SentTo": "Enviada a",
  "SurveyClosed": "Se cerró la encuesta",
  "ViewMoreText": "Ver más",
  "ViewLessText": "Ver menos",
  "MyResonses": "MIS RESPUESTAS",
  "NotResponded": "Aún no respondiste",
  "Responded": "Respondieron",
  "RespondNow": "RESPONDER AHORA",
  "MyResponses": "MIS RESPUESTAS",
  "AddNewResponse": "Agregar una nueva respuesta",
  "SurveyQuestions": "PREGUNTAS DE LA ENCUESTA",
  "Insights": "INFORMACIÓN",
  "AllResponsesModuleHeader": "TODAS LAS RESPUESTAS",
  "CloseSurvey": "Cerrar encuesta",
  "ShareSurveyResults": "Vínculo a los resultados de la encuesta",
  "RemindPeopleToRespond": "Recordar a los contactos que respondan",
  "DuplicateThisSurvey": "Duplicar esta encuesta",
  "TapToGetLink": "Pulsa para generar un vínculo a los resultados de la encuesta.",
  "TapToSendReminder": "Pulsa para enviar un aviso.",
  "CopyQuestionsAndCreateSurvey": "Crear una encuesta con las mismas preguntas",
  "GettingLink": "Obteniendo vínculo…",
  "TapToShareLink": "Vínculo Pulsar para compartir",
  "Responses": "Respuestas",
  "Respondents": "Encuestados",
  "AllResponses": "Todas las respuestas",
  "MultipleChoice": "Tipo test",
  "TextInput": "Entrada de texto",
  "NumberInput": "Entrada numérica",
  "ImageAttachment": "Imagen adjunta",
  "X_Responses": "{0} respuestas",
  "FROM_X_Respondents": "De {0} encuestados",
  "SURVEY_CLOSES_ON_X": "La encuesta se cierra el {0}",
  "X_Of_Y_People": "{0} de {1} contactos",
  "X_People": "{0} contactos",
  "One_Person": "1 contacto",
  "One_Person.comment": "Cadena estática. Se usa en las conclusiones de respuestas.",
  "AggregationNotSupported": "No se admite la agregación para este tipo de pregunta. Descarga los resultados de la encuesta para obtener más información.",
  "ExpiresIn": "Expira en {0}",
  "NextButtonTitle": "Siguiente",
  "PreviousButtonTitle": "Anterior",
  "SumTitle": "Suma",
  "AverageTitle": "Media",
  "QuestionResponsesNavTitle": "Pregunta {0} de {1}",
  "QuestionResponsesTitle": "RESPUESTAS ({0} TOTAL)",
  "CurrentUserResponsesNavTitle": "Tus respuestas",
  "UserResponsesNavTitle": "Respuestas de {0}",
  "SingleResponseMyResponseTitle": "Respondiste",
  "SingleResponseNavTitle": "Respuesta de {0}",
  "CurrentUserSingleResponseNavTitle": "Tu respuesta",
  "SubmitResponseTitle": "Enviar respuesta",
  "SurveyEditPageTitle": "Editar encuesta",
  "SummaryEditSurveyTitle": "Editar encuesta",
  "EditSurveySubTitle": "Pulsa para editar el título y la configuración de la encuesta. Las preguntas de la encuesta no se pueden editar.",
  "SurveyEditPageUpdateButton": "ACTUALIZAR",
  "EditSurveyPageUserMessage": "Solo se pueden editar los detalles de la encuesta y las opciones de configuración seleccionadas. Para realizar más cambios, puede que tengas que crear otra encuesta.",
  "UnsavedChanges": "¿Descartar cambios?",
  "DiscardConfirmationDailogDiscardButton": "DESCARTAR",
  "EditSurveyDiscardConfirmationDailogMessage": "Se perderán todos los cambios si los descartas.",
  "EditSurveyFailureMessage": "No se puede editar la encuesta en este momento. Vuelve a intentarlo.",
  "EditSurveyNoUpdates": "No se realizaron cambios en la encuesta.",
  "EditPageUpdatingMsg": "Actualizando…",
  "Cancel": "CANCELAR",
  "DefaultResponseName": "Respuesta {0}",
  "LocationDisclaimerText": "Tendrás que especificar tu ubicación como parte de esta encuesta. Kaizala no podrá obtener acceso ni usar tu ubicación sin tu consentimiento.",
  "DiscardSurveyResponseDailogMessage": "¿Seguro que quieres descartar la respuesta?",
  "ResponseSummaryLocationText": "Tu ubicación se compartirá como parte de esta respuesta.",
  "FetchingDetailedSummary": "Obteniendo detalles…",
  "NumericInputErrorLabel": "Solo se aceptan entradas numéricas.",
  "DeleteCoverImage": "Eliminar imagen de portada",
  "DeletedCoverImage": "Se eliminó la imagen de portada de la encuesta.",
  "CoverImage": "Imagen de portada",
  "QuestionHeaderText": "Pregunta {0}, {1}",
  "DeleteQuestion": "Eliminar pregunta",
  "DeleteOption": "Eliminar opción",
  "DeletedOptionTalkback": "Se eliminó la opción",
  "OptionDeleteConfirmationDailogTitle": "¿Quieres eliminar la opción?",
  "DropDownOptionDeleteConfirmationDailogTitle": "Confirm Changes?",
  "OptionDeleteConfirmationDailogMessage": "Si se elimina, esta opción no aparecerá en la pregunta",
  "DependencyDropDownOptDeleteConfirmationDialogMessage": "You have deleted or edited an option that has questions linked to it. If you proceed, the link will be removed.",
  "DependencyOptionDeleteConfirmationDailogMessage": "This option has questions linked to it. On deletion, the link will be removed.",
  "Edit": "Editar",
  "SurveyDropDownAnswersPlaceHolderText": "Agrega opciones de respuesta. Usa la tecla Entrar para agregar opciones.",
  "SurveyMakeThisQuestionOptionalText": "Convertir esta pregunta en opcional",
  "TapToSelectOptionText": "Pulsa para seleccionar una opción.",
  "AnswerChoicesText": "Opciones de respuesta",
  "MultipleImageSelectionError": "Has seleccionado varias imágenes. Solo se enviará la primera. Pulsa Borrar para usar otra imagen.",
  "TapToOpenCamera": "PULSAR PARA ABRIR LA CÁMARA",
  "DateResponseSelectDate": "Seleccionar fecha",
  "DateResponseTapToAddDate": "Pulsa para agregar una fecha.",
  "PhoneNumberResponseEnterPhoneNumber": "Escribe tu número de teléfono.",
  "QuestionHeader": "PREGUNTA {0}",
  "NotRespondedTitle": "No respondieron",
  "SendReminder": "ENVIAR AVISO",
  "FeatureNotAvailableForForumMsg": "Esta característica no está disponible para este grupo en estos momentos.",
  "QuestionRangeErrorString": "La respuesta necesita tener entre {0} y {1}.",
  "QuestionLengthRangeErrorString": "La respuesta necesita tener una longitud entre {0} y {1}.",
  "QuestionPhoneNumberLengthErrorString": "La longitud del número de teléfono tiene que ser inferior a {0}.",
  "QuestionRangeOnlyIntegersErrorString": "La respuesta necesita ser un entero entre {0} y {1}.",
  "QuestionResponseIntegerOnlyError": "La respuesta tiene que ser un entero. ",
  "QuestionRangeHelpText": "Escribe una respuesta entre {0} y {1}.",
  "QuestionRangeIntHelpText": "Escribe un entero entre {0} y {1}.",
  "QuestionLengthHelpText": "Escribe una respuesta con una longitud entre {0} y {1}.",
  "QuestionPhoneNumberLengthHelpText": "Escribe un número de teléfono con una longitud de {0}.",
  "QuestionResponseIntegerOnlyHelpText": "Escribe un valor entero",
  "Optional": "Opcional",
  "NumericInputHelpText": "Escribe solo números.",
  "NumericInputHelpText.comment": "Texto de ayuda para una entrada numérica incorrecta.",
  "Warning": "¡Advertencia!",
  "Survey_Title": "Encuesta",
  "Survey_ReminderTitle": "Aviso de la encuesta",
  "Survey_Questions": "preguntas",
  "Survey_Question": "pregunta",
  "Survey_SummaryText_NoResponse_Creator": "Esperando respuestas",
  "Survey_SummaryText_NoResponse_Receiver": "Sé el primero en responder.",
  "Survey_SummaryText_CompleteResponse": "Todos realizaron esta encuesta.",
  "Survey_SummaryText_IncompleteResponse": "{0} de {1} contactos respondieron",
  "Survey_SummaryText_IncompleteResponse_Public_Grp": "{0} contactos respondieron",
  "Survey_SummaryText_OneResponse_Public_Grp": "1 persona respondió",
  "Survey_RespondButton_Title": "Realizar encuesta",
  "Survey_AddNewResponseButton_Title": "Agregar otra respuesta",
  "Survey_Edited_Text": ". Editado",
  "SurveySummaryPageTitle": "Resumen de la encuesta",
  "SurveyResponsePageTitle": "Respuesta a la encuesta",
  "SurveyCreationPageTitle": "Creación de encuesta",
  "RefreshResponsesButtonTitle": "Actualizar respuestas",
  "AddQuestionHere": "Agrega la pregunta aquí",
  "ResponderLocation": "Ubicación del respondedor"
}