{
  "Survey": "સર્વેક્ષણ",
  "Ask a series of questions & get people’s opinion": "લોકોને શ્રેણીબદ્ધ પ્રશ્ન પૂછીને તેમનો અભિપ્રાય મેળવો",
  "_Ask a series of questions & get people’s opinion.cooment": "ઍપ વર્ણનને શોધ સ્ક્રીનમાં જોઈ શકાય છે",
  "NewSurveyPageTitle": "નવું સર્વેક્ષણ",
  "IncompleteDetailsAlertTitle": "ખૂટતી વિગતો ઉમેરો",
  "IncompleteDetailsAlertMessage": "તમે આગળ વધો તે પહેલાં સર્વેક્ષણની વિગતો અને પ્રશ્ન જરૂરી છે",
  "IncompleteQuestionDetailsMessage": "કૃપા કરીને તમામ આવશ્યક ક્ષેત્રોને પૂર્ણ કરો",
  "OK": "ઠીક",
  "SurveyOptionsPageTitle": "સર્વેક્ષણના વિકલ્પો",
  "Send": "મોકલો",
  "Next": "આગલું",
  "Done": "થઈ ગયું",
  "SurveyAddCoverImage": "કવર ઇમેજ ઉમેરો",
  "SurveyChangeCoverImage": "કવર ઇમેજ બદલો",
  "SurveyDetails": "સર્વેક્ષણની વિગતો",
  "SurveyDetailsPageTitle": "સર્વેક્ષણની વિગતો",
  "SurveyAddQuestion": "એક પ્રશ્ન ઉમેરો",
  "SurveyOptionsTotalQuestion": "આ સર્વેક્ષણમાં 1 પ્રશ્ન છે",
  "SurveyOptionsTotalQuestions": "આ સર્વેક્ષણમાં {0} પ્રશ્ન છે",
  "Settings": "સેટિંગ્સ",
  "SurveyExpiryTitle": "સર્વેક્ષણ સમાપ્તિ: {0}",
  "SurveyMultipleResponseTitle": "એક કરતાં વધારે પ્રતિસાદની અનુમતિ આપો",
  "SurveyExpirySubTitle": "જવાબ સ્વીકારવાની છેલ્લી તારીખ અને સમય સેટ કરો",
  "SurveyVisibilityAllTitle": "દરેક લોકો પરિણામો જોઈ શકે છે",
  "SurveyVisibilitySenderTitle": "પરિણામોને માત્ર હું જોઈ શકું છું",
  "SurveyVisibilityAdminTitle": "માત્ર વ્યવસ્થાપકો જ પરિણામો જોઈ શકે છે",
  "SurveyAllowSendReminderAllTitle": "કોઈપણ વ્યક્તિ રિમાઇન્ડર મોકલી શકે છે",
  "SurveyAllowSendReminderSenderTitle": "ફક્ત હું જ રિમાઇન્ડર મોકલી શકું છું",
  "SurveyAllowSendReminderAdminTitle": "વ્યવસ્થાપકો અને હું રિમાઇન્ડર મોકલી શકીએ છીએ",
  "SurveyVisibilitySubTitle": "સર્વેક્ષણના પરિણામો કોણ જોઈ શકે તે સેટ કરો.",
  "SurveyAllowSendReminderSubTitle": "રિમાઇન્ડર કોણ મોકલી શકે છે તે સેટ કરો.",
  "SurveyMultipleResponseSubTitle": "ઉપયોગકર્તાઓને એક કરતા વધુ વખત પ્રતિસાદ આપવા દો",
  "SurveyVisibilityHeader": "સર્વેક્ષણના પરિણામોને કોણ જોઈ શકે",
  "SurveyAllowSendReminderHeader": "રિમાઇન્ડર કોણ મોકલી શકે",
  "SurveyVisibilityEveryOne": "દરેક",
  "SurverVisibilityOnlyMe": "ફક્ત મને",
  "SurveyVisibilityAdmin": "ફક્ત વ્યવસ્થાપક",
  "SurveyAllowSendReminderEveryOne": "કોઈપણ",
  "SurveyAllowSendReminderOnlyMe": "ફક્ત મને",
  "SurveyAllowSendReminderAdmin": "હું અને વ્યવસ્થાપક",
  "SurveyResponseLocationTitle": "જવાબ સાથે સ્થાન કૅપ્ચર કરો",
  "SurveyResponseLocationSubTitle": "પ્રતિસાદ આપનારના સર્વેક્ષણ પ્રતિસાદની સાથે સાથે તેનું સ્થાન પણ મેળવો",
  "SurveyMandatoryResponseLocationTitle": "સ્થાનને પ્રતિસાદનો જરૂરી ભાગ બનાવવા માટે ટૅપ કરો",
  "SurveyDetailsTitleHeader": "સર્વે ટાઇટલ",
  "SurveyDetailsTitlePlaceholder": "ઉદા: માર્કેટ રીસર્ચ",
  "SurveyDetailsDescriptionHeader": "સર્વેનું વર્ણન (વૈકલ્પિક)",
  "SurveyDetailsDescriptionPlaceholder": "આ સર્વેક્ષણ શાના વિશે છે?",
  "SurveyMultpleOptionPlaceholder": "વિકલ્પ {0}",
  "SurveyQuestionHeader": "પ્રશ્ન",
  "SurveyOptionAnswerHeader": "જવાબ આપો",
  "SurveyOptionSettingHeader": "સેટિંગ્સ",
  "SurveyQuestionPlaceHolder": "દાખલ કરવા માટે ટૅપ કરો",
  "SurveyAllowMultipleAnswerTitle": "એક કરતાં વધુ જવાબો પસંદ કરવાની અનુમતિ આપો",
  "SurveyAddMoreOptionTalkBack": "નવો વિકલ્પ ઉમેરવામાં આવ્યો. વિકલ્પને ઍક્સેસ કરવા માટે ડાબે સ્વાઇપ કરો. અથવા નવો વિકલ્પ ઉમેરવા માટે ડબલ ટેપ કરો",
  "SurveyQuestionPageBreakTitle": "પેજ બ્રેક ઉમેરો",
  "SurveyImageQuestionOnlyCamera": "ફક્ત કૅમેરાની અનુમતિ આપો",
  "SurveyImageQuestionSingleImages": "માત્ર કે છબી સુધી પ્રતિબંધિત",
  "SurveyImageQuestionSingleImages.comment": "માત્ર એક ઇમેજ અટેચમેન્ટની અનુમતિ આપવા માટે શીર્ષક ટેક્સ્ટ",
  "SurveyMultpleOptionAddMoreOption": "+ વધુ વિકલ્પો ઉમેરો",
  "SurveyQuestionPickerHeader": "જવાબનો પ્રકાર પસંદ કરો",
  "SurveyQuestionPickerCloseButtonTitle": "બંધ કરો",
  "SurveyOptionCount": "{0} પસંદગીઓ",
  "LinkedQuesInfo": "{0} પ્રશ્ન સાથે લિંક કર્યું છે",
  "Multiple Choice": "બહુવિધ પસંદગી",
  "Text Response": "ટેક્સ્ટ",
  "Numeric Response": "સંખ્યાત્મક",
  "Drop Down": "ડ્રોપ ડાઉન",
  "Image Upload": "ઇમેજ",
  "Phone Number": "ફોન નંબર",
  "Date": "તારીખ",
  "DeleteConfirmationDailogTitle": "પ્રશ્ન {0} ડિલીટ કરીએ?",
  "DeleteConfirmationDailogMessage": "કાઢી નાખ્યું તો, આ પ્રશ્ન સર્વેમાં દેખાશે નહીં.",
  "DependencyQuestionInfoMessage": "આ પ્રશ્નની દૃશ્યતા પ્રશ્ન {0} ના પ્રતિસાદ પર આધારિત છે",
  "DependencyQuestionDeleteConfirmationDailogMessage": "આ પ્રશ્નમાં તેનાથી સંબંધિત પ્રશ્નો છે. કાઢી નાખવા પર, લિંક દૂર કરવામાં આવશે.",
  "DiscardConfirmationDailogBackButton": "રદ કરો",
  "DiscardConfirmationDailogDeleteButton": "ડિલીટ કરો",
  "SurveyDiscardDailogTitle": "શું તમે ખરેખર છોડવા માંગો છો?",
  "SurveyDiscardConfirmationDailogMessage": "તમે કરેલા કોઈપણ ફેરફારોને તમે ગુમાવશો",
  "QuestionDiscardConfirmationDailogTitle": "પ્રશ્નને કાઢી નાખીએ?",
  "QuestionDiscardConfirmationDailogMessage": "તમારા બધા પરિવર્તન ખોવાઈ જશે",
  "QuestionDiscardConfirmationDailogBackButton": "રદ કરો",
  "QuestionDiscardConfirmationDailogDeleteButton": "કાઢો",
  "ContinueButton": "ચાલુ રાખો",
  "StayButton": "રહો",
  "LeaveButton": "છોડો",
  "ConfirmButton": "પુષ્ટિ કરો",
  "title_sent": "<b>%s</b> પર",
  "subtitle": "<b>%s</b> પર %s",
  "all_filter": "તમામ બતાવો",
  "complete_filter": "ફક્ત પૂર્ણ",
  "grouping_option_string": "લોકો દ્વારા સમૂહિત કરો",
  "incomplete_filter": "ફક્ત અપૂર્ણ",
  "title_received": "<b>%s</b>",
  "description_string": "%s",
  "_description_string": "આઇટમના વર્ણન પર ફોકસ કરો",
  "SurveyResponseTitle": "સર્વેક્ષણનો પ્રતિસાદ",
  "Start": "પ્રારંભ કરો",
  "QuestionCountLabel": "{0} પ્રશ્ન",
  "QuestionsCountLabel": "{0} પ્રશ્ન",
  "ChooseYourAnswerLabel": "તમારો જવાબ પસંદ કરો",
  "YourResponseLabel": "તમારો પ્રતિસાદ",
  "Clear": "સાફ કરો",
  "ProgressTextLabel": "{1} માંથી {0}",
  "NumericPlaceHolderText": "અહીં દાખલ કરો",
  "TapToAddPhoto": "ફોટો ઉમેરવા માટે ટૅપ કરો",
  "AllQuestionRespondedHeader": "બધા પ્રશ્નોના જવાબ આપ્યાં!",
  "PendingQuestionHeader": "{0} પ્રશ્ન બાકી",
  "PendingQuestionsHeader": "{0} પ્રશ્ન બાકી",
  "YouResponded": "તમારો પ્રતિસાદ: ",
  "Submit": "સબમિટ કરો",
  "Respond": "પ્રતિસાદ આપો",
  "ResponseSummaryTitle": "પ્રતિસાદનો સારાંશ",
  "ReponseLocationPageHeader": "તમે આગળ પ્રક્રિયા કરો તે પહેલાં <b>{0}</b>એ તમારી સ્થાન માહિતી માગી છે.",
  "Refresh": "રિફ્રેશ કરો",
  "LocationUnavaliable": "સ્થાન અનુપલબ્ધ",
  "LocationTryAgain": "ફરી પ્રયાસ કરવા માટે રિફ્રેશ કરો પર ટૅપ કરો",
  "ResponseNameTitle": "પ્રતિસાદનું નામ",
  "PageLoadProgressTitle": "ડેટા મેળવી રહ્યાં છીએ...",
  "SummaryNavTitle": "સર્વેક્ષણ",
  "ErrorTitle": "કંઈક ખોટું થયું",
  "ErrorSubtitle": "કૃપયા તમારું કનેક્શન તપાસો અને ફરીથી પ્રયાસ કરો",
  "ErrorActionTitle": "ફરી પ્રયાસ કરો",
  "SentTo": "આને મોકલ્યાં",
  "SurveyClosed": "સર્વેક્ષણ બંધ થયું",
  "ViewMoreText": "વધુ જુઓ",
  "ViewLessText": "ઓછું જુઓ",
  "MyResonses": "મારા પ્રતિસાદો",
  "NotResponded": "તમે હજુ સુધી પ્રતિસાદ આપ્યો નથી",
  "Responded": "પ્રતિસાદ આપ્યો",
  "RespondNow": "હમણાં પ્રતિસાદ આપો",
  "MyResponses": "મારા પ્રતિસાદો",
  "AddNewResponse": "એક નવો જવાબ ઉમેરો",
  "SurveyQuestions": "સર્વેક્ષણના પ્રશ્નો",
  "Insights": "જાણકારીઓ",
  "AllResponsesModuleHeader": "બધા પ્રતિસાદો",
  "CloseSurvey": "સર્વેક્ષણ બંધ કરો",
  "ShareSurveyResults": "સર્વેક્ષણના પરિણામો માટે લિંક",
  "RemindPeopleToRespond": "લોકોને પ્રતિસાદ આપવાનું યાદ કરાવો",
  "DuplicateThisSurvey": "આ સર્વેક્ષણનું ડુપ્લિકેટ બનાવો",
  "TapToGetLink": "સર્વેક્ષણ પરિણામો માટે લિંક બનાવવા માટે ટૅપ કરો",
  "TapToSendReminder": "રિમાઇન્ડર મોકલવા માટે ટૅપ કરો",
  "CopyQuestionsAndCreateSurvey": "સમાન પ્રશ્નોનો ઉપયોગ કરીને નવું સર્વેક્ષણ બનાવો",
  "GettingLink": "લિંક મેળવી રહ્યાં છીએ...",
  "TapToShareLink": "લિંક શેર કરવા માટે ટૅપ કરો",
  "Responses": "પ્રતિસાદો",
  "Respondents": "પ્રતિસાદ આપનારાઓ",
  "AllResponses": "બધા પ્રતિસાદો",
  "MultipleChoice": "બહુવિધ પસંદગી",
  "TextInput": "ટેક્સ્ટ ઇનપુટ",
  "NumberInput": "નંબર ઇનપુટ",
  "ImageAttachment": "ઇમેજ અટેચમેન્ટ",
  "X_Responses": "{0} પ્રતિસાદ",
  "FROM_X_Respondents": "{0} પ્રતિસાદ આપનારાઓ તરફથી",
  "SURVEY_CLOSES_ON_X": "સર્વેક્ષણ {0} ના રોજ બંધ થાય છે",
  "X_Of_Y_People": "{1} માંથી {0} લોકો",
  "X_People": "{0} લોકો",
  "One_Person": "1 વ્યક્તિ",
  "One_Person.comment": "સ્ટેટિક સ્ટ્રિંગ. જવાબની જાણકારીમાં ઉપયોગ કરાયેલ.",
  "AggregationNotSupported": "આ પ્રકારના પ્રશ્ન માટે એકત્રિકરણ સમર્થિત નથી. વિગતો માટે કૃપયા સર્વેક્ષણના પરિણામો ડાઉનલોડ કરો",
  "ExpiresIn": "{0}માં સમાપ્ત થાય છે",
  "NextButtonTitle": "આગલું",
  "PreviousButtonTitle": "પાછલો",
  "SumTitle": "સરવાળો",
  "AverageTitle": "સરેરાશ",
  "QuestionResponsesNavTitle": "{1} પૈકી {0}",
  "QuestionResponsesTitle": "જવાબ ({0} કુલ)",
  "CurrentUserResponsesNavTitle": "તમારા પ્રતિસાદો",
  "UserResponsesNavTitle": "{0}ના પ્રતિસાદો",
  "SingleResponseMyResponseTitle": "તમે પ્રતિસાદ આપ્યો",
  "SingleResponseNavTitle": "{0}નો પ્રતિસાદ",
  "CurrentUserSingleResponseNavTitle": "તમારો પ્રતિસાદ સમય",
  "SubmitResponseTitle": "પ્રતિસાદ સબમિટ કરો",
  "SurveyEditPageTitle": "સર્વેક્ષણને સંપાદિત કરો",
  "SummaryEditSurveyTitle": "સર્વેક્ષણને સંપાદિત કરો",
  "EditSurveySubTitle": "સર્વેક્ષણના શીર્ષક અને સેટિંગ્સને સંપાદિત કરવા માટે ટૅપ કરો. સર્વેક્ષણના પ્રશ્નો સંપાદિત કરી શકાશે નહીં.",
  "SurveyEditPageUpdateButton": "અપડેટ કરો",
  "EditSurveyPageUserMessage": "ફક્ત સર્વેક્ષણની વિગતો અને પસંદ કરેલ સેટિંગ્સને જ સંપાદિત કરી શકાય છે. વધુ ફેરફારો માટે, તમારે કદાચ નવું સર્વેક્ષણ બનાવવું પડશે",
  "UnsavedChanges": "ફેરફારોને કાઢી નાખીએ?",
  "DiscardConfirmationDailogDiscardButton": "કાઢો",
  "EditSurveyDiscardConfirmationDailogMessage": "જો તમે છોડી દો છો તો તમે જે પણ ફેરફારો કરશો એ રહેશે નહીં",
  "EditSurveyFailureMessage": "આ સમયે સર્વેક્ષણ સંપાદિત કરી શકાતું નથી. કૃપા કરીને થોડીવાર પછી ફરી પ્રયાસ કરો.",
  "EditSurveyNoUpdates": "આ સર્વેક્ષણમાં કોઈ ફેરફાર કર્યા નથી",
  "EditPageUpdatingMsg": "અપડેટ કરી રહ્યાં છીએ...",
  "Cancel": "રદ કરો",
  "DefaultResponseName": "પ્રતિસાદ {0}",
  "LocationDisclaimerText": "આ સર્વેક્ષણના ભાગ રૂપે તમારું સ્થાન જરૂરી છે. Kaizala તમારી સંમતિ વિના તમારું સ્થાન ઍક્સેસ કરશે નહીં કે તેનો ઉપયોગ કરશે નહીં.",
  "DiscardSurveyResponseDailogMessage": "શું તમે ખરેખર તમારો જવાબ કાઢવા માગો છો?",
  "ResponseSummaryLocationText": "તમારું સ્થાન આ જવાબના ભાગરૂપે શેર કરવામાં આવશે.",
  "FetchingDetailedSummary": "વિગતો મેળવી રહ્યાં છીએ...",
  "NumericInputErrorLabel": "ફક્ત સંખ્યાત્મક ઇનપુટ સ્વીકાર્ય છે",
  "DeleteCoverImage": "કવર ઇમેજ ડિલીટ કરો",
  "DeletedCoverImage": "સર્વેક્ષણની કવર ઇમેજ ડિલીટ કરી",
  "CoverImage": "કવર છબી",
  "QuestionHeaderText": "પ્રશ્ન {0} {1} ડિઝાઇનર",
  "DeleteQuestion": "પ્રશ્ન ડિલીટ કરો",
  "DeleteOption": "વિકલ્પ ડિલીટ કરો",
  "DeletedOptionTalkback": "વિકલ્પ ડિલીટ કર્યો",
  "OptionDeleteConfirmationDailogTitle": "વિકલ્પ કાઢીએ?",
  "DropDownOptionDeleteConfirmationDailogTitle": "ફેરફારોની પુષ્ટિ કરીએ?",
  "OptionDeleteConfirmationDailogMessage": "જો કાઢી નાખવામાં આવ્યું હોય, તો આ વિકલ્પ પ્રશ્નમાં દેખાશે નહીં",
  "DependencyDropDownOptDeleteConfirmationDialogMessage": "તમે એવા વિકલ્પને કાઢી નાખ્યું અથવા સંપાદિત કર્યું છે જેનાથી લિંક થયેલા પ્રશ્નો છે. જો તમે આગળ વધો છો, તો લિંક દૂર કરવામાં આવશે.",
  "DependencyOptionDeleteConfirmationDailogMessage": "આ વિકલ્પ પાસે તેનાથી સંબંધિત પ્રશ્નો છે. કાઢી નાખવા પર, લિંક દૂર કરવામાં આવશે.",
  "Edit": "સંપાદિત કરો",
  "SurveyDropDownAnswersPlaceHolderText": "ઉત્તરના વિકલ્પો ઍડ કરો. વિકલ્પોને ઍડ કરવા માટે Enter કીનો ઉપયોગ કરો.",
  "SurveyMakeThisQuestionOptionalText": "આ પ્રશ્નને વૈકલ્પિક બનાવો",
  "TapToSelectOptionText": "વિકલ્પ પસંદ કરવા માટે ટૅપ કરો",
  "AnswerChoicesText": "ઉત્તરની પસંદગીઓ",
  "MultipleImageSelectionError": "તમે એક કરતાં વધારે ઇમેજીસ પસંદ કરેલ છે. માત્ર પ્રથમ ઇમેજ મોકલવામાં આવશે. કૃપયા ભિન્ન ચિત્રનો ઉપયોગ કરવા માટે સાફ કરો પર ટૅપ કરો",
  "TapToOpenCamera": "કૅમેરા ખોલવા માટે ટૅપ કરો",
  "DateResponseSelectDate": "તારીખ પસંદ કરો",
  "DateResponseTapToAddDate": "તારીખ ઉમેરવા માટે ટૅપ કરો",
  "PhoneNumberResponseEnterPhoneNumber": "ફોન નંબર દાખલ કરો",
  "QuestionHeader": "પ્રશ્ન {0}",
  "NotRespondedTitle": "પ્રતિક્રિયા આપેલ નથી",
  "SendReminder": "રિમાઇન્ડર મોકલો",
  "FeatureNotAvailableForForumMsg": "આ સુવિધા હાલમાં આ સમૂહ માટે ઉપલબ્ધ નથી",
  "QuestionRangeErrorString": "જવાબ {0} અને {1} ની વચ્ચેનો હોવો જોઈએ",
  "QuestionLengthRangeErrorString": "પ્રતિસાદની લંબાઈ {0} અને {1} ની વચ્ચે હોવી જોઈએ",
  "QuestionPhoneNumberLengthErrorString": "ફોન નંબરની લંબાઈ {0} હોવી જોઈએ",
  "QuestionRangeOnlyIntegersErrorString": "જવાબ પૂર્ણાંક હોવો જોઈએ અને {0} અને {1} ની વચ્ચેનો હોવો જોઈએ",
  "QuestionResponseIntegerOnlyError": "જવાબ પૂર્ણાંક હોવો જોઈએ ",
  "QuestionRangeHelpText": "{0} અને {1} વચ્ચે પ્રતિસાદ લખો",
  "QuestionRangeIntHelpText": "{0} અને {1} વચ્ચે એક પૂર્ણાક લખો",
  "QuestionLengthHelpText": "{0} અને {1} વચ્ચેની લંબાઈવાળો જવાબ લખો",
  "QuestionPhoneNumberLengthHelpText": "{0} લંબાઈનો ફોન નંબર લખો",
  "QuestionResponseIntegerOnlyHelpText": "પૂર્ણાંક મૂલ્ય લખો",
  "Optional": "વૈકલ્પિક",
  "NumericInputHelpText": "ફક્ત નંબર લખો",
  "NumericInputHelpText.comment": "ખોટા સંખ્યાત્મક ઇનપુટ માટે મદદ ટેક્સ્ટ",
  "Warning": "ચેતવણી!!!",
  "Survey_Title": "સર્વેક્ષણ",
  "Survey_ReminderTitle": "સર્વેક્ષણ માટે રિમાઇન્ડર",
  "Survey_Questions": "પ્રશ્નો",
  "Survey_Question": "પ્રશ્ન",
  "Survey_SummaryText_NoResponse_Creator": "પ્રતિસાદોની પ્રતીક્ષા કરી રહ્યાં છીએ",
  "Survey_SummaryText_NoResponse_Receiver": "પ્રતિસાદ આપવામાં પ્રથમ રહો!",
  "Survey_SummaryText_CompleteResponse": "દરેકે આ સર્વેક્ષણમાં ભાગ લીધો છે",
  "Survey_SummaryText_IncompleteResponse": "{1} માંથી {0} લોકોએ જવાબ આપ્યો",
  "Survey_SummaryText_IncompleteResponse_Public_Grp": "{0} લોકોએ પ્રતિસાદ આપ્યો",
  "Survey_SummaryText_OneResponse_Public_Grp": "1 વ્યક્તિએ પ્રતિસાદ આપ્યો",
  "Survey_RespondButton_Title": "સર્વેક્ષણમાં ભાગ લો",
  "Survey_AddNewResponseButton_Title": "અન્ય પ્રતિસાદને ઍડ કરો",
  "Survey_Edited_Text": ". સંપાદિત કરેલ",
  "SurveySummaryPageTitle": "સર્વેક્ષણનો સારાંશ",
  "SurveyResponsePageTitle": "સર્વેક્ષણનો પ્રતિસાદ",
  "SurveyCreationPageTitle": "સર્વેક્ષણનું સર્જન",
  "RefreshResponsesButtonTitle": "પ્રતિસાદને તાજો કરો",
  "AddQuestionHere": "પ્રશ્ન અહીં ઍડ કરો",
  "ResponderLocation": "પ્રતિસાદકર્તાનું સ્થાન"
}