{
  "Survey": "సర్వే",
  "Ask a series of questions & get people’s opinion": "వరుసగా ప్రశ్నలు అడగండి & వ్యక్తుల అభిప్రాయాన్ని తీసుకోండి",
  "_Ask a series of questions & get people’s opinion.cooment": "శోధన స్క్రీన్‌లో అనువర్తన వివరణ కనిపిస్తుంది",
  "NewSurveyPageTitle": "కొత్త సర్వే",
  "IncompleteDetailsAlertTitle": "కనిపించని వివరాలను జోడించండి",
  "IncompleteDetailsAlertMessage": "మీరు కొనసాగించడం కంటే ముందు సర్వే వివరాలు మరియు ప్రశ్న అవసరం",
  "IncompleteQuestionDetailsMessage": "దయచేసి అవసరమైన అన్ని ఫీల్డ్‌లను పూరించండి",
  "OK": "సరే",
  "SurveyOptionsPageTitle": "సర్వే ఎంపికలు",
  "Send": "పంపు",
  "Next": "తదుపరి",
  "Done": "పూర్తయింది",
  "SurveyAddCoverImage": "కవర్ చిత్రాన్ని జోడించు",
  "SurveyChangeCoverImage": "కవర్ చిత్రాన్ని మార్చండి",
  "SurveyDetails": "సర్వే వివరాలు",
  "SurveyDetailsPageTitle": "సర్వే వివరాలు",
  "SurveyAddQuestion": "ప్రశ్నను జోడించు",
  "SurveyOptionsTotalQuestion": "ఈ సర్వేలో 1 ప్రశ్న ఉంది",
  "SurveyOptionsTotalQuestions": "ఈ సర్వేలో {0} ప్రశ్నలు ఉన్నాయి",
  "Settings": "సెట్టింగ్‌లు",
  "SurveyExpiryTitle": "సర్వే గడువు ముగింపు: {0}",
  "SurveyMultipleResponseTitle": "బహుళ ప్రతిస్పందనలను అనుమతించు",
  "SurveyExpirySubTitle": "ప్రతిస్పందనలను ఆమోదించడం కోసం చివరి తేదీ మరియు సమయాన్ని సెట్ చేయండి",
  "SurveyVisibilityAllTitle": "ఫలితాలు అందరికీ కనిపిస్తాయి",
  "SurveyVisibilitySenderTitle": "ఫలితాలు నాకు మాత్రమే కనిపిస్తాయి",
  "SurveyVisibilityAdminTitle": "నిర్వాహకులకు మాత్రమే ఫలితాలు కనిపిస్తాయి",
  "SurveyAllowSendReminderAllTitle": "ఏవరైనా రిమైండర్‌ని పంపవచ్చు",
  "SurveyAllowSendReminderSenderTitle": "నేను మాత్రమే రిమైండర్‌ని పంపగలను",
  "SurveyAllowSendReminderAdminTitle": "నిర్వాహకులు మరియు నేను రిమైండర్‌ని పంపవచ్చు",
  "SurveyVisibilitySubTitle": "సర్వే ఫలితాలను ఎవరు చూడాలో సెట్ చేయండి.",
  "SurveyAllowSendReminderSubTitle": "రిమైండర్‌లను ఎవరెవరు పంపవచ్చో సెట్ చేయండి.",
  "SurveyMultipleResponseSubTitle": "బహుళ సమయాలకు ప్రతిస్పందించేలా వినియోగదారులను అనుమతించండి",
  "SurveyVisibilityHeader": "సర్వే ఫలితాలను ఎవరు చూడవచ్చు",
  "SurveyAllowSendReminderHeader": "రిమైండర్‌లను ఎవరు పంపగలరు",
  "SurveyVisibilityEveryOne": "ప్రతిఒక్కరూ",
  "SurverVisibilityOnlyMe": "నేను మాత్రమే",
  "SurveyVisibilityAdmin": "నిర్వాహకులు మాత్రమే",
  "SurveyAllowSendReminderEveryOne": "ఎవరైనా",
  "SurveyAllowSendReminderOnlyMe": "నేను మాత్రమే",
  "SurveyAllowSendReminderAdmin": "నేను మరియు నిర్వాహకులు",
  "SurveyResponseLocationTitle": "ప్రతిస్పందనలతో పాటు స్థానాన్ని సంగ్రహించండి",
  "SurveyResponseLocationSubTitle": "సర్వే ప్రతిస్పందనతో పాటు ప్రతిస్పందిస్తున్న వ్యక్తి యొక్క స్థానాన్ని కూడా సేకరించండి",
  "SurveyMandatoryResponseLocationTitle": "ప్రతిస్పందనతో పాటు స్థానాన్ని తప్పనిసరి చేయడానికి నొక్కండి",
  "SurveyDetailsTitleHeader": "సర్వే పేరు",
  "SurveyDetailsTitlePlaceholder": "ఉదా: మార్కెట్ పరిశోధన",
  "SurveyDetailsDescriptionHeader": "సర్వే వివరణ (ఐచ్ఛికం)",
  "SurveyDetailsDescriptionPlaceholder": "ఇది దేనికి సంబంధించిన సర్వే?",
  "SurveyMultpleOptionPlaceholder": "ఎంపిక {0}",
  "SurveyQuestionHeader": "ప్రశ్న",
  "SurveyOptionAnswerHeader": "సమాధానం ఇవ్వండి",
  "SurveyOptionSettingHeader": "సెట్టింగ్‌లు",
  "SurveyQuestionPlaceHolder": "నమోదు చేయడం కోసం నొక్కండి",
  "SurveyAllowMultipleAnswerTitle": "ఒకటి కంటే ఎక్కువ సమాధానాలను ఎంచుకోవడానికి అనుమతించు",
  "SurveyAddMoreOptionTalkBack": "కొత్త ఎంపిక జోడించబడింది. ఎంపికను యాక్సెస్ చేయడానికి ఎడమకు స్వైప్ చేయండి. లేదా కొత్త ఎంపికను జోడించడానికి రెండు సార్లు నొక్కండి",
  "SurveyQuestionPageBreakTitle": "పేజీ విరుపుని జోడించు",
  "SurveyImageQuestionOnlyCamera": "కెమెరాని మాత్రమే అనుమతించు",
  "SurveyImageQuestionSingleImages": "ఒక చిత్రానికి పరిమితం చేయండి",
  "SurveyImageQuestionSingleImages.comment": "ఒక చిత్ర జోడింపుని మాత్రమే అనుమతించడానికి శీర్షిక వచనం",
  "SurveyMultpleOptionAddMoreOption": "+ మరిన్ని ఎంపికలను జోడించు",
  "SurveyQuestionPickerHeader": "ప్రతిస్పందన రకాన్ని ఎంచుకోండి",
  "SurveyQuestionPickerCloseButtonTitle": "మూసివేయి",
  "SurveyOptionCount": "{0} ఎంపికలు",
  "LinkedQuesInfo": "ప్రశ్న {0}తో లింక్ చేయబడింది",
  "Multiple Choice": "ఐచ్ఛిక ప్రశ్న",
  "Text Response": "సందేశం",
  "Numeric Response": "సంఖ్యలు",
  "Drop Down": "డ్రాప్‌డౌన్",
  "Image Upload": "చిత్రం",
  "Phone Number": "ఫోన్ నంబర్",
  "Date": "తేదీ",
  "DeleteConfirmationDailogTitle": "ప్రశ్న {0}ని తొలగించాలా?",
  "DeleteConfirmationDailogMessage": "తొలగించినట్లయితే, సర్వేలో ఈ ప్రశ్న కనిపించదు.",
  "DependencyQuestionInfoMessage": "ఈ ప్రశ్న దృశ్యమానం {0} ప్రశ్న యొక్క ప్రతిస్పందనపై ఆధారపడి ఉంది",
  "DependencyQuestionDeleteConfirmationDailogMessage": "ఈ ప్రశ్నలో దీనికి లింక్ చేయబడిన ప్రశ్నలు ఉన్నాయి. తొలగించిన తర్వాత లింక్ తీసివేయబడుతుంది.",
  "DiscardConfirmationDailogBackButton": "రద్దు చేయి",
  "DiscardConfirmationDailogDeleteButton": "తొలగించు",
  "SurveyDiscardDailogTitle": "మీరు ఖచ్చితంగా నిష్క్రమించాలనుకుంటున్నారా?",
  "SurveyDiscardConfirmationDailogMessage": "మీరు చేసిన అన్ని మార్పులను కోల్పోతారు",
  "QuestionDiscardConfirmationDailogTitle": "ప్రశ్నను విస్మరించాలా?",
  "QuestionDiscardConfirmationDailogMessage": "మీరు అన్ని మార్పులను కోల్పోతారు",
  "QuestionDiscardConfirmationDailogBackButton": "రద్దు చేయి",
  "QuestionDiscardConfirmationDailogDeleteButton": "విస్మరించు",
  "ContinueButton": "కొనసాగించు",
  "StayButton": "కొనసాగండి",
  "LeaveButton": "నిష్క్రమించు",
  "ConfirmButton": "ధృవీకరించు",
  "title_sent": "<b>%s</b>కు",
  "subtitle": "%s నుండి <b>%s</b>కు",
  "all_filter": "అన్నింటినీ చూపు",
  "complete_filter": "పూర్తయినవి మాత్రమే",
  "grouping_option_string": "వ్యక్తుల ఆధారంగా సమూహం చేయి",
  "incomplete_filter": "పూర్తి కానివి మాత్రమే",
  "title_received": "<b>%s</b>",
  "description_string": "%s",
  "_description_string": "కేంద్రీకరణ అంశం వివరణ",
  "SurveyResponseTitle": "సర్వే ప్రతిస్పందన",
  "Start": "ప్రారంభం",
  "QuestionCountLabel": "{0} ప్రశ్న",
  "QuestionsCountLabel": "{0} ప్రశ్నలు",
  "ChooseYourAnswerLabel": "మీ సమాధానాన్ని ఎంచుకోండి",
  "YourResponseLabel": "మీ ప్రతిస్పందన",
  "Clear": "క్లియర్ చేయి",
  "ProgressTextLabel": "{1}లో {0}",
  "NumericPlaceHolderText": "ఇక్కడ నమోదు చేయండి",
  "TapToAddPhoto": "ఫోటోని జోడించడానికి నొక్కండి",
  "AllQuestionRespondedHeader": "అన్ని ప్రశ్నలు సమాధానం ఇవ్వబడింది!",
  "PendingQuestionHeader": "{0} ప్రశ్న పెండింగ్‌లో ఉంది",
  "PendingQuestionsHeader": "{0} ప్రశ్నలు పెండింగ్‌లో ఉన్నాయి",
  "YouResponded": "మీ ప్రతిస్పందన: ",
  "Submit": "సమర్పించు",
  "Respond": "ప్రతిస్పందించు",
  "ResponseSummaryTitle": "ప్రతిస్పందన సారాంశం",
  "ReponseLocationPageHeader": "మీరు కొనసాగించడం కంటే ముందు <b>{0}</b>కు మీ స్థానాన్ని అందించాలి.",
  "Refresh": "రీఫ్రెష్ చేయి",
  "LocationUnavaliable": "స్థానం అందుబాటులో లేదు",
  "LocationTryAgain": "మళ్లీ ప్రయత్నించడం కోసం రీఫ్రెష్ చేయిని నొక్కండి",
  "ResponseNameTitle": "ప్రతిస్పందన పేరు",
  "PageLoadProgressTitle": "డేటాని పొందుతోంది...",
  "SummaryNavTitle": "సర్వే",
  "ErrorTitle": "ఏదో తప్పు జరిగింది",
  "ErrorSubtitle": "మీ అనుసంధానాన్ని తనిఖీ చేసి, మళ్లీ ప్రయత్నించండి",
  "ErrorActionTitle": "తిరిగి ప్రయత్నించు",
  "SentTo": "వీరికి పంపు",
  "SurveyClosed": "సర్వే మూసివేయబడింది",
  "ViewMoreText": "ఎక్కువ వీక్షించండి",
  "ViewLessText": "తక్కువ వీక్షించండి",
  "MyResonses": "నా ప్రతిస్పందనలు",
  "NotResponded": "మీరు ఇప్పటికీ ప్రతిస్పందించలేదు",
  "Responded": "ప్రతిస్పందించారు",
  "RespondNow": "ఇప్పుడే ప్రతిస్పందించు",
  "MyResponses": "నా ప్రతిస్పందనలు",
  "AddNewResponse": "కొత్త ప్రతిస్పందనను జోడించండి",
  "SurveyQuestions": "సర్వే ప్రశ్నలు",
  "Insights": "అంతర్దృష్టులు",
  "AllResponsesModuleHeader": "అన్ని ప్రతిస్పందనలు",
  "CloseSurvey": "సర్వేని మూసివేయి",
  "ShareSurveyResults": "సర్వే ఫలితాల కోసం లింక్",
  "RemindPeopleToRespond": "ప్రతిస్పందించాలని వ్యక్తులకు గుర్తు చేయండి",
  "DuplicateThisSurvey": "ఈ సర్వే యొక్క నకిలీని రూపొందించు",
  "TapToGetLink": "సర్వే ఫలితాల కోసం లింక్‌ని రూపొందించడం కోసం నొక్కండి",
  "TapToSendReminder": "రిమైండర్‌ని పంపడానికి నొక్కండి",
  "CopyQuestionsAndCreateSurvey": "అవే ప్రశ్నలను ఉపయోగించి కొత్త సర్వేని సృష్టించండి",
  "GettingLink": "లింక్‌ని పొందుతోంది...",
  "TapToShareLink": "లింక్‌ని భాగస్వామ్యం చేయడానికి నొక్కండి",
  "Responses": "ప్రతిస్పందనలు",
  "Respondents": "ప్రతిస్పందించిన వ్యక్తులు",
  "AllResponses": "అన్ని ప్రతిస్పందనలు",
  "MultipleChoice": "బహుళ ఎంపిక",
  "TextInput": "వచన ఇన్‌పుట్",
  "NumberInput": "నంబర్ ఇన్‌పుట్",
  "ImageAttachment": "చిత్ర జోడింపు",
  "X_Responses": "{0} ప్రతిస్పందనలు",
  "FROM_X_Respondents": "ప్రతిస్పందించిన {0} మంది నుండి",
  "SURVEY_CLOSES_ON_X": "{0}న సర్వే మూసివేయబడుతుంది",
  "X_Of_Y_People": "{1} మందిలో {0}",
  "X_People": "{0} మంది వ్యక్తులు",
  "One_Person": "1 వ్యక్తి",
  "One_Person.comment": "స్టాటిక్ స్ట్రింగ్. ప్రతిస్పందన అంతర్దృష్టులలో ఉపయోగించబడింది.",
  "AggregationNotSupported": "ఈ రకమైన ప్రశ్నకు ఏకీకరణకు మద్దతు లేదు. దయచేసి వివరాల కోసం సర్వే ఫలితాలను డౌన్‌లోడ్ చేయండి",
  "ExpiresIn": "{0} తర్వాత గడువు ముగుస్తుంది",
  "NextButtonTitle": "తదుపరి",
  "PreviousButtonTitle": "మునుపటి",
  "SumTitle": "మొత్తం",
  "AverageTitle": "సగటు",
  "QuestionResponsesNavTitle": "{1}లో {0} ప్రశ్నలు",
  "QuestionResponsesTitle": "ప్రతిస్పందనలు (మొత్తం {0})",
  "CurrentUserResponsesNavTitle": "మీ ప్రతిస్పందనలు",
  "UserResponsesNavTitle": "{0} యొక్క ప్రతిస్పందనలు",
  "SingleResponseMyResponseTitle": "మీరు ప్రతిస్పందించారు",
  "SingleResponseNavTitle": "{0} యొక్క ప్రతిస్పందన",
  "CurrentUserSingleResponseNavTitle": "మీ ప్రతిస్పందన",
  "SubmitResponseTitle": "ప్రతిస్పందనను సమర్పించు",
  "SurveyEditPageTitle": "సర్వేని సవరించు",
  "SummaryEditSurveyTitle": "సర్వేని సవరించు",
  "EditSurveySubTitle": "సర్వే శీర్షిక మరియు సెట్టింగ్‌లను సవరించడం కోసం నొక్కండి. సర్వే ప్రశ్నలను సవరించడం సాధ్యం కాదు.",
  "SurveyEditPageUpdateButton": "నవీకరించు",
  "EditSurveyPageUserMessage": "సర్వే వివరాలు మరియు ఎంచుకున్న సెట్టింగ్‌లను మాత్రమే సవరించగలరు. మరిన్ని మార్పుల కోసం, మీరు కొత్త సర్వేని సృష్టించాల్సి రావచ్చు",
  "UnsavedChanges": "మార్పులను విస్మరించాలా?",
  "DiscardConfirmationDailogDiscardButton": "విస్మరించు",
  "EditSurveyDiscardConfirmationDailogMessage": "మీరు విస్మరించినట్లయితే మీ మార్పులన్నింటినీ కోల్పోతారు",
  "EditSurveyFailureMessage": "ప్రస్తుతానికి సర్వేని సవరించడం సాధ్యం కాదు. దయచేసి మళ్లీ ప్రయత్నించండి.",
  "EditSurveyNoUpdates": "ఈ సర్వేలో ఎలాంటి మార్పులు చేయలేదు",
  "EditPageUpdatingMsg": "నవీకరిస్తోంది...",
  "Cancel": "రద్దు చేయి",
  "DefaultResponseName": "ప్రతిస్పందన {0}",
  "LocationDisclaimerText": "ఈ సర్వేలో భాగంగా మీ స్థానం అవసరం అవుతుంది. Kaizala మీ సమ్మతి లేకుండా మీ స్థానాన్ని ప్రాప్యత చేయదు లేదా ఉపయోగించదు.",
  "DiscardSurveyResponseDailogMessage": "మీరు ఖచ్చితంగా మీ ప్రతిస్పందనను విస్మరించాలనుకుంటున్నారా?",
  "ResponseSummaryLocationText": "ఈ ప్రతిస్పందనలో భాగంగా మీ స్థానం భాగస్వామ్యం చేయబడుతుంది.",
  "FetchingDetailedSummary": "వివరాలను పొందుతోంది...",
  "NumericInputErrorLabel": "కేవలం సంఖ్యల ఇన్‌పుట్ మాత్రమే ఆమోదించబడుతుంది",
  "DeleteCoverImage": "కవర్ చిత్రాన్ని తొలగించు",
  "DeletedCoverImage": "సర్వే కవర్ చిత్రం తొలగించబడింది",
  "CoverImage": "కవర్ చిత్రం",
  "QuestionHeaderText": "ప్రశ్న {0}, {1}",
  "DeleteQuestion": "ప్రశ్నను తొలగించు",
  "DeleteOption": "ఎంపికను తొలగించు",
  "DeletedOptionTalkback": "ఎంపిక తొలగించబడింది",
  "OptionDeleteConfirmationDailogTitle": "ఎంపికను తొలగించాలా?",
  "DropDownOptionDeleteConfirmationDailogTitle": "మార్పులను ధృవీకరించాలా?",
  "OptionDeleteConfirmationDailogMessage": "తొలగించినట్లయితే, ప్రశ్నలో ఈ ఎంపిక కనిపించదు",
  "DependencyDropDownOptDeleteConfirmationDialogMessage": "దీనికి లింక్ చేసిన ప్రశ్నల ఎంపికను తొలగించారు లేదా సవరించారు. మీరు కొనసాగితే, లింక్ తీసివేయబడుతుంది.",
  "DependencyOptionDeleteConfirmationDailogMessage": "ఈ ఎంపికలో దీనికి లింక్ చేయబడిన ప్రశ్నలు ఉన్నాయి. తొలగించిన తర్వాత లింక్ తీసివేయబడుతుంది.",
  "Edit": "సవరించు",
  "SurveyDropDownAnswersPlaceHolderText": "సమాధాన ఎంపికలు. ఎంపికలను జోడించడం కోసం Enter కీని ఉపయోగించండి.",
  "SurveyMakeThisQuestionOptionalText": "ఈ ప్రశ్నను ఐచ్ఛికం చేయండి",
  "TapToSelectOptionText": "ఎంపికను ఎంచుకోవడానికి నొక్కండి",
  "AnswerChoicesText": "సమాధాన ఎంపికలు",
  "MultipleImageSelectionError": "మీరు బహుళ చిత్రాలను ఎంచుకున్నారు. కేవలం మొదటి చిత్రం మాత్రమే పంపబడుతుంది. దయచేసి వేరే చిత్రాన్ని ఉపయోగించాలనుకుంటే క్లియర్ చేయిని నొక్కండి",
  "TapToOpenCamera": "కెమెరాని తెరవడం కోసం నొక్కండి",
  "DateResponseSelectDate": "తేదీని ఎంచుకోండి",
  "DateResponseTapToAddDate": "తేదీని జోడించడం కోసం నొక్కండి",
  "PhoneNumberResponseEnterPhoneNumber": "ఫోన్ నంబర్‌ని నమోదు చేయండి",
  "QuestionHeader": "ప్రశ్న {0}",
  "NotRespondedTitle": "ప్రతిస్పందించలేదు",
  "SendReminder": "రిమైండర్ పంపు",
  "FeatureNotAvailableForForumMsg": "ప్రస్తుతం ఈ సమూహానికి ఈ ఫీచర్ అందుబాటులో లేదు",
  "QuestionRangeErrorString": "ప్రతిస్పందన తప్పక {0} మరియు {1} మధ్య ఉండాలి",
  "QuestionLengthRangeErrorString": "ప్రతిస్పందన పొడవు తప్పక {0} మరియు {1} మధ్య ఉండాలి",
  "QuestionPhoneNumberLengthErrorString": "ఫోన్ నంబర్ పొడవు తప్పక {0} ఉండాలి",
  "QuestionRangeOnlyIntegersErrorString": "ప్రతిస్పందన తప్పక పూర్ణాంకం అయి ఉండాలి మరియు {0} మరియు {1} మధ్య ఉండాలి",
  "QuestionResponseIntegerOnlyError": "ప్రతిస్పందన పూర్ణాంకం అయి ఉండాలి ",
  "QuestionRangeHelpText": "{0} మరియు {1} మధ్య పొడవు ఉన్న ప్రతిస్పందనను టైప్ చేయండి",
  "QuestionRangeIntHelpText": "{0} మరియు {1} మధ్య పొడవు ఉన్న పూర్ణాంకాన్ని టైప్ చేయండి",
  "QuestionLengthHelpText": "{0} మరియు {1} మధ్య పొడవు ఉన్న ప్రతిస్పందనను టైప్ చేయండి",
  "QuestionPhoneNumberLengthHelpText": "{0} పొడవు ఉన్న ఫోన్ నంబర్‌ని టైప్ చేయండి",
  "QuestionResponseIntegerOnlyHelpText": "పూర్ణాంక విలువని టైప్ చేయండి",
  "Optional": "ఐచ్ఛికం",
  "NumericInputHelpText": "సంఖ్యలు మాత్రమే టైప్ చేయండి",
  "NumericInputHelpText.comment": "సంఖ్యల నమోదు తప్పుగా ఉన్నప్పుడు సహాయ వచనం",
  "Warning": "హెచ్చరిక!!!",
  "Survey_Title": "సర్వే",
  "Survey_ReminderTitle": "సర్వే రిమైండర్",
  "Survey_Questions": "ప్రశ్నలు",
  "Survey_Question": "ప్రశ్న",
  "Survey_SummaryText_NoResponse_Creator": "వేచి ఉన్న ప్రతిస్పందనలు",
  "Survey_SummaryText_NoResponse_Receiver": "అందరి కంటే ముందుగా ప్రతిస్పందించండి!",
  "Survey_SummaryText_CompleteResponse": "అందరూ ఈ సర్వేలో పాల్గొన్నారు",
  "Survey_SummaryText_IncompleteResponse": "{1} మందిలో {0} మంది ప్రతిస్పందించారు",
  "Survey_SummaryText_IncompleteResponse_Public_Grp": "{0} మంది వ్యక్తులు ప్రతిస్పందించారు",
  "Survey_SummaryText_OneResponse_Public_Grp": "1 వ్యక్తి ప్రతిస్పందించారు",
  "Survey_RespondButton_Title": "సర్వేలో పాల్గొనండి",
  "Survey_AddNewResponseButton_Title": "మరో ప్రతిస్పందనను జోడించు",
  "Survey_Edited_Text": ". సవరించబడింది",
  "SurveySummaryPageTitle": "సర్వే సారాంశం",
  "SurveyResponsePageTitle": "సర్వే ప్రతిస్పందన",
  "SurveyCreationPageTitle": "సర్వే సృష్టి",
  "RefreshResponsesButtonTitle": "ప్రతిస్పందనలను రిఫ్రెష్ చేయి",
  "AddQuestionHere": "ఇక్కడ ప్రశ్నను జోడించండి",
  "ResponderLocation": "ప్రతిస్పందించిన వ్యక్తి యొక్క స్థానం"
}