{
  "Survey": "แบบสำรวจ",
  "Ask a series of questions & get people’s opinion": "ถามคำถามต่างๆ และรับความคิดเห็นของบุคคลอื่น",
  "_Ask a series of questions & get people’s opinion.cooment": "สามารถดูคำอธิบายของแอปได้ในหน้าจอค้นหา",
  "NewSurveyPageTitle": "แบบสำรวจใหม่",
  "IncompleteDetailsAlertTitle": "เพิ่มรายละเอียดที่ขาดหายไป",
  "IncompleteDetailsAlertMessage": "จำเป็นต้องมีรายละเอียดแบบสำรวจและคำถามก่อนที่คุณจะดำเนินการต่อ",
  "IncompleteQuestionDetailsMessage": "โปรดกรอกเขตข้อมูลที่จำเป็นทั้งหมด",
  "OK": "ตกลง",
  "SurveyOptionsPageTitle": "ตัวเลือกแบบสำรวจ",
  "Send": "ส่ง",
  "Next": "ถัดไป",
  "Done": "เสร็จสิ้น",
  "SurveyAddCoverImage": "เพิ่มภาพหน้าปก",
  "SurveyChangeCoverImage": "เปลี่ยนหน้าปกรูป",
  "SurveyDetails": "รายละเอียดแบบสำรวจ",
  "SurveyDetailsPageTitle": "รายละเอียดแบบสำรวจ",
  "SurveyAddQuestion": "เพิ่มคำถาม",
  "SurveyOptionsTotalQuestion": "แบบสำรวจนี้มี 1 คำถาม",
  "SurveyOptionsTotalQuestions": "แบบสำรวจนี้มี {0} คำถาม",
  "Settings": "การตั้งค่า",
  "SurveyExpiryTitle": "วันหมดอายุของแบบสำรวจ: {0}",
  "SurveyMultipleResponseTitle": "เลือกคำตอบได้หลายข้อ",
  "SurveyExpirySubTitle": "ตั้งค่าวันที่และเวลาล่าสุดเพื่อยอมรับคำตอบ",
  "SurveyVisibilityAllTitle": "ผลลัพธ์ที่ทุกคนมองเห็น",
  "SurveyVisibilitySenderTitle": "ผลลัพธ์ที่มองเห็นได้โดยฉันเท่านั้น",
  "SurveyVisibilityAdminTitle": "ผลลัพธ์ที่เฉพาะผู้ดูแลระบบเท่านั้นที่มองเห็น",
  "SurveyAllowSendReminderAllTitle": "ทุกคนสามารถส่งการแจ้งเตือน",
  "SurveyAllowSendReminderSenderTitle": "เฉพาะฉันเท่านั้นที่สามารถส่งตัวเตือน",
  "SurveyAllowSendReminderAdminTitle": "ผู้ดูแลระบบและฉันสามารถส่งการแจ้งเตือน",
  "SurveyVisibilitySubTitle": "ตั้งค่าบุคคลที่สามารถดูผลแบบสำรวจ",
  "SurveyAllowSendReminderSubTitle": "ตั้งค่าบุคคลที่สามารถส่งตัวเตือนได้",
  "SurveyMultipleResponseSubTitle": "อนุญาตให้ผู้ใช้ตอบกลับหลายครั้ง",
  "SurveyVisibilityHeader": "บุคคลที่สามารถดูผลแบบสำรวจ",
  "SurveyAllowSendReminderHeader": "บุคคลที่สามารถส่งตัวเตือน",
  "SurveyVisibilityEveryOne": "ทุกคน",
  "SurverVisibilityOnlyMe": "เฉพาะฉัน",
  "SurveyVisibilityAdmin": "เฉพาะผู้ดูแลระบบเท่านั้น",
  "SurveyAllowSendReminderEveryOne": "ทุกคน",
  "SurveyAllowSendReminderOnlyMe": "เฉพาะฉัน",
  "SurveyAllowSendReminderAdmin": "ฉันและผู้ดูแลระบบ",
  "SurveyResponseLocationTitle": "จับตำแหน่งที่มีการตอบกลับ",
  "SurveyResponseLocationSubTitle": "รวบรวมตำแหน่งของผู้ตอบกลับรวมทั้งการตอบกลับแบบสำรวจ",
  "SurveyMandatoryResponseLocationTitle": "แตะเพื่อทำให้ตำแหน่งเป็นส่วนที่ต้องระบุของคำตอบ",
  "SurveyDetailsTitleHeader": "ชื่อเรื่องแบบสำรวจ",
  "SurveyDetailsTitlePlaceholder": "ตัวอย่าง: การวิจัยตลาด",
  "SurveyDetailsDescriptionHeader": "คำอธิบายแบบสำรวจ (ไม่จำเป็น)",
  "SurveyDetailsDescriptionPlaceholder": "แบบสำรวจนี้เกี่ยวกับอะไร",
  "SurveyMultpleOptionPlaceholder": "ตัวเลือก {0}",
  "SurveyQuestionHeader": "คำถาม",
  "SurveyOptionAnswerHeader": "คำตอบ",
  "SurveyOptionSettingHeader": "การตั้งค่า",
  "SurveyQuestionPlaceHolder": "แตะเพื่อใส่",
  "SurveyAllowMultipleAnswerTitle": "เลือกคำตอบได้มากกว่าหนึ่งข้อ",
  "SurveyAddMoreOptionTalkBack": "เพิ่มตัวเลือกใหม่แล้ว ปัดไปทางซ้ายเพื่อเข้าถึงตัวเลือก หรือแตะสองครั้งเพื่อเพิ่มตัวเลือกใหม่",
  "SurveyQuestionPageBreakTitle": "เพิ่มตัวแบ่งหน้า",
  "SurveyImageQuestionOnlyCamera": "อนุญาตเฉพาะกล้องเท่านั้น",
  "SurveyImageQuestionSingleImages": "จำกัดรูปภาพเดียว",
  "SurveyImageQuestionSingleImages.comment": "ข้อความชื่อเรื่องจะอนุญาตให้แนบรูปเดียวเท่านั้น",
  "SurveyMultpleOptionAddMoreOption": "+ เพิ่มตัวเลือกเพิ่มเติม",
  "SurveyQuestionPickerHeader": "เลือกชนิดการตอบกลับ",
  "SurveyQuestionPickerCloseButtonTitle": "ปิด",
  "SurveyOptionCount": "{0} ข้อ",
  "LinkedQuesInfo": "ลิงก์อยู่กับคำถาม {0}",
  "Multiple Choice": "หลายตัวเลือก",
  "Text Response": "ข้อความ",
  "Numeric Response": "ตัวเลข",
  "Drop Down": "แบบดรอปดาวน์",
  "Image Upload": "รูป",
  "Phone Number": "หมายเลขโทรศัพท์",
  "Date": "วันที่",
  "DeleteConfirmationDailogTitle": "ลบคำถาม {0} ใช่ไหม",
  "DeleteConfirmationDailogMessage": "หากลบ คำถามนี้จะไม่ปรากฏในแบบสำรวจ",
  "DependencyQuestionInfoMessage": "การมองเห็นคำถามนี้จะขึ้นอยู่กับคำตอบ {0}",
  "DependencyQuestionDeleteConfirmationDailogMessage": "คำถามนี้มีคำถามซึ่งลิงก์กับคำถามดังกล่าว หากลบ ลิงก์จะถูกนำออก ",
  "DiscardConfirmationDailogBackButton": "ยกเลิก",
  "DiscardConfirmationDailogDeleteButton": "ลบ",
  "SurveyDiscardDailogTitle": "คุณแน่ใจหรือไม่ว่าต้องการออก",
  "SurveyDiscardConfirmationDailogMessage": "คุณจะสูญเสียการเปลี่ยนแปลงใดๆ ที่คุณได้ดำเนินการไว้",
  "QuestionDiscardConfirmationDailogTitle": "ละทิ้งคำถามใช่ไหม",
  "QuestionDiscardConfirmationDailogMessage": "การเปลี่ยนแปลงหมดทั้งหมดจะหายไป",
  "QuestionDiscardConfirmationDailogBackButton": "ยกเลิก",
  "QuestionDiscardConfirmationDailogDeleteButton": "ละทิ้ง",
  "ContinueButton": "ดำเนินการต่อ",
  "StayButton": "อยู่ต่อ",
  "LeaveButton": "ออก",
  "ConfirmButton": "ยืนยัน",
  "title_sent": "ถึง <b>%s</b>",
  "subtitle": "%s ถึง <b>%s</b>",
  "all_filter": "แสดงทั้งหมด",
  "complete_filter": "ที่สมบูรณ์เท่านั้น",
  "grouping_option_string": "จัดกลุ่มตามบุคคล",
  "incomplete_filter": "ที่สมบูรณ์เท่านั้น",
  "title_received": "<b>%s</b>",
  "description_string": "%s",
  "_description_string": "เน้นคำอธิบายสินค้า",
  "SurveyResponseTitle": "คำตอบแบบสำรวจ",
  "Start": "เริ่ม",
  "QuestionCountLabel": "คำถาม {0} ข้อ",
  "QuestionsCountLabel": "คำถาม {0} ข้อ",
  "ChooseYourAnswerLabel": "เลือกคำตอบของคุณ",
  "YourResponseLabel": "การตอบกลับของคุณ",
  "Clear": "ล้าง",
  "ProgressTextLabel": "{0} จาก {1}",
  "NumericPlaceHolderText": "ใส่ที่นี่",
  "TapToAddPhoto": "แตะเพื่อเพิ่มรูปถ่าย",
  "AllQuestionRespondedHeader": "ตอบคำถามทุกข้อแล้ว!",
  "PendingQuestionHeader": "เหลือคำถามอยู่ {0} ข้อ",
  "PendingQuestionsHeader": "เหลือคำถามอยู่ {0} ข้อ",
  "YouResponded": "คำตอบของคุณ: ",
  "Submit": "ส่ง",
  "Respond": "ตอบกลับ",
  "ResponseSummaryTitle": "ข้อมูลสรุปการตอบกลับ",
  "ReponseLocationPageHeader": "<b>{0}</b> ได้ร้องขอตำแหน่งของคุณก่อนที่คุณจะสามารถดำเนินการต่อได้",
  "Refresh": "รีเฟรช",
  "LocationUnavaliable": "ไม่มีตำแหน่ง",
  "LocationTryAgain": "แตะบนรีเฟรชเพื่อลองอีกครั้ง",
  "ResponseNameTitle": "ชื่อการตอบกลับ",
  "PageLoadProgressTitle": "กำลังดึงข้อมูล...",
  "SummaryNavTitle": "แบบสำรวจ",
  "ErrorTitle": "มีบางอย่างผิดพลาด",
  "ErrorSubtitle": "ตรวจสอบการเชื่อมต่อเครือข่ายของคุณและลองอีกครั้ง",
  "ErrorActionTitle": "ลองใหม่",
  "SentTo": "ส่งถึง",
  "SurveyClosed": "ปิดแบบสำรวจแล้ว",
  "ViewMoreText": "ดูเพิ่มเติม",
  "ViewLessText": "แสดงน้อยลง",
  "MyResonses": "คำตอบของฉัน",
  "NotResponded": "คุณยังไม่ได้ตอบกลับ",
  "Responded": "ตอบกลับแล้ว",
  "RespondNow": "ตอบกลับทันที",
  "MyResponses": "คำตอบของฉัน",
  "AddNewResponse": "เพิ่มคำตอบใหม่",
  "SurveyQuestions": "คำถามแบบสำรวจ",
  "Insights": "ข้อมูลเชิงลึก",
  "AllResponsesModuleHeader": "การตอบกลับทั้งหมด",
  "CloseSurvey": "ปิดแบบสำรวจ",
  "ShareSurveyResults": "ลิงก์สำหรับผลสำรวจ",
  "RemindPeopleToRespond": "เตือนบุคคลให้ตอบกลับ",
  "DuplicateThisSurvey": "ทำซ้ำแบบสำรวจนี้",
  "TapToGetLink": "แตะเพื่อสร้างลิงก์สำหรับผลแบบสำรวจ",
  "TapToSendReminder": "แตะเพื่อส่งตัวเตือน",
  "CopyQuestionsAndCreateSurvey": "สร้างแบบสำรวจใหม่โดยใช้คำถามเดียวกัน",
  "GettingLink": "กำลังรับลิงก์...",
  "TapToShareLink": "แตะเพื่อแชร์ลิงก์",
  "Responses": "การตอบกลับ",
  "Respondents": "ผู้ตอบ",
  "AllResponses": "การตอบกลับทั้งหมด",
  "MultipleChoice": "หลายตัวเลือก",
  "TextInput": "ป้อนข้อความ",
  "NumberInput": "ป้อนตัวเลข",
  "ImageAttachment": "รูปที่แนบมา",
  "X_Responses": "{0} การตอบกลับ",
  "FROM_X_Respondents": "จาก {0} ผู้ตอบ",
  "SURVEY_CLOSES_ON_X": "แบบสำรวจปิดเมื่อ {0}",
  "X_Of_Y_People": "{0} จาก {1} คน",
  "X_People": "{0} ราย",
  "One_Person": "1 ราย",
  "One_Person.comment": "สตริงแบบคงที่ ใช้ในข้อมูลเชิงลึกของคำตอบ",
  "AggregationNotSupported": "ไม่รองรับการรวมคำถามชนิดนี้ โปรดดาวน์โหลดผลการสำรวจเพื่อดูรายละเอียด",
  "ExpiresIn": "หมดอายุภายใน {0} วัน",
  "NextButtonTitle": "ถัดไป",
  "PreviousButtonTitle": "ก่อนหน้า",
  "SumTitle": "ผลรวม",
  "AverageTitle": "เฉลี่ย",
  "QuestionResponsesNavTitle": "คำถาม {0} จาก {1}",
  "QuestionResponsesTitle": "การตอบกลับ (ทั้งหมด {0})",
  "CurrentUserResponsesNavTitle": "คำตอบของคุณ",
  "UserResponsesNavTitle": "การตอบกลับของ {0}",
  "SingleResponseMyResponseTitle": "คุณตอบกลับแล้ว",
  "SingleResponseNavTitle": "การตอบกลับของ {0}",
  "CurrentUserSingleResponseNavTitle": "การตอบกลับของคุณ",
  "SubmitResponseTitle": "ส่งการตอบกลับ",
  "SurveyEditPageTitle": "แก้ไขแบบสำรวจ",
  "SummaryEditSurveyTitle": "แก้ไขแบบสำรวจ",
  "EditSurveySubTitle": "แตะเพื่อแก้ไขชื่อแบบสำรวจและตั้งค่า ไม่สามารถแก้ไขคำถามในแบบสำรวจได้",
  "SurveyEditPageUpdateButton": "อัปเดต",
  "EditSurveyPageUserMessage": "สามารถแก้ไขเฉพาะรายละเอียดของแบบสำรวจและการตั้งค่าที่เลือกเท่านั้น สำหรับการเปลี่ยนแปลงเพิ่มเติม คุณอาจต้องสร้างแบบสำรวจใหม่",
  "UnsavedChanges": "ละทิ้งการเปลี่ยนแปลงใช่ไหม",
  "DiscardConfirmationDailogDiscardButton": "ละทิ้ง",
  "EditSurveyDiscardConfirmationDailogMessage": "การเปลี่ยนแปลงหมดทั้งหมดจะหายไปถ้าคุณละทิ้ง",
  "EditSurveyFailureMessage": "ไม่สามารถแก้ไขแบบสำรวจได้ในขณะนี้ โปรดลองอีกครั้ง",
  "EditSurveyNoUpdates": "ไม่มีการเปลี่ยนแปลงในแบบสำรวจนี้",
  "EditPageUpdatingMsg": "กำลังอัปเดต...",
  "Cancel": "ยกเลิก",
  "DefaultResponseName": "การตอบกลับ: {0}",
  "LocationDisclaimerText": "จำเป็นต้องมีตำแหน่งของคุณเป็นส่วนหนึ่งของแบบสำรวจนี้ Kaizala จะไม่เข้าถึงหรือใช้ตำแหน่งของคุณโดยไม่ได้รับความยินยอมของคุณ",
  "DiscardSurveyResponseDailogMessage": "คุณต้องการละทิ้งคำตอบของคุณใช่ไหม",
  "ResponseSummaryLocationText": "ตำแหน่งของคุณจะแชร์เป็นส่วนหนึ่งของคำตอบนี้",
  "FetchingDetailedSummary": "กำลังดึงรายละเอียด...",
  "NumericInputErrorLabel": "ยอมรับการป้อนข้อมูลที่เป็นตัวเลขเท่านั้น",
  "DeleteCoverImage": "ลบรูปภาพหน้าปก",
  "DeletedCoverImage": "ลบรูปภาพหน้าปกแบบสำรวจแล้ว",
  "CoverImage": "รูปหน้าปก",
  "QuestionHeaderText": "คำถาม {0} {1}",
  "DeleteQuestion": "ลบคำถาม",
  "DeleteOption": "ลบตัวเลือก",
  "DeletedOptionTalkback": "ลบตัวเลือกแล้ว",
  "OptionDeleteConfirmationDailogTitle": "ลบตัวเลือก",
  "DropDownOptionDeleteConfirmationDailogTitle": "ยืนยันการเปลี่ยนแปลงหรือไม่",
  "OptionDeleteConfirmationDailogMessage": "หากทำการลบ ระบบจะไม่แสดงตัวเลือกนี้ในคำถาม",
  "DependencyDropDownOptDeleteConfirmationDialogMessage": "คุณได้ลบหรือแก้ไขตัวเลือกที่มีคำถามซึ่งลิงก์กับตัวเลือกดังกล่าวแล้ว หากคุณดำเนินการต่อ ลิงก์จะถูกนำออก",
  "DependencyOptionDeleteConfirmationDailogMessage": "ตัวเลือกนี้มีคำถามซึ่งลิงก์กับตัวเลือกดังกล่าว หากลบ ลิงก์จะถูกนำออก",
  "Edit": "แก้ไข",
  "SurveyDropDownAnswersPlaceHolderText": "เพิ่มตัวเลือกคำตอบ ใช้แป้น Enter เพื่อเพิ่มตัวเลือก",
  "SurveyMakeThisQuestionOptionalText": "ทำให้คำถามนี้เป็นไม่บังคับ",
  "TapToSelectOptionText": "แตะเพื่อเลือกตัวเลือก",
  "AnswerChoicesText": "ตัวเลือกคำตอบ",
  "MultipleImageSelectionError": "คุณได้เลือกหลายรูป ระบบจะส่งเฉพาะรูปแรก โปรดแตะ ล้าง เพื่อใช้รูปภาพอื่น",
  "TapToOpenCamera": "แตะเพื่อเปิดกล้อง",
  "DateResponseSelectDate": "เลือกวันที่",
  "DateResponseTapToAddDate": "แตะเพื่อเพิ่มวันที่",
  "PhoneNumberResponseEnterPhoneNumber": "ใส่หมายเลขโทรศัพท์",
  "QuestionHeader": "คำถาม {0}",
  "NotRespondedTitle": "ไม่ได้ตอบกลับ",
  "SendReminder": "ส่งตัวเตือน",
  "FeatureNotAvailableForForumMsg": "ฟีเจอร์นี้ไม่พร้อมใช้งานสำหรับกลุ่มนี้",
  "QuestionRangeErrorString": "คำตอบควรอยู่ระหว่าง {0} ถึง {1}",
  "QuestionLengthRangeErrorString": "ความยาวของคำตอบควรอยู่ระหว่าง {0} และ {1}",
  "QuestionPhoneNumberLengthErrorString": "ความยาวของหมายเลขโทรศัพท์ควรเป็น {0}",
  "QuestionRangeOnlyIntegersErrorString": "คำตอบควรเป็นจำนวนเต็ม และอยู่ระหว่าง {0} และ {1}",
  "QuestionResponseIntegerOnlyError": "คำตอบควรเป็นจำนวนเต็ม ",
  "QuestionRangeHelpText": "พิมพ์คำตอบระหว่าง {0} และ {1}",
  "QuestionRangeIntHelpText": "พิมพ์จำนวนเต็มระหว่าง {0} และ {1}",
  "QuestionLengthHelpText": "พิมพ์คำตอบที่มีความยาวระหว่าง {0} และ {1}",
  "QuestionPhoneNumberLengthHelpText": "พิมพ์หมายเลขโทรศัพท์ที่มีความยาว {0}",
  "QuestionResponseIntegerOnlyHelpText": "พิมพ์ค่าจำนวนเต็ม",
  "Optional": "เลือกได้",
  "NumericInputHelpText": "พิมพ์ตัวเลขเท่านั้น",
  "NumericInputHelpText.comment": "ข้อความวิธีใช้สำหรับการป้อนข้อมูลตัวเลขที่ไม่ถูกต้อง",
  "Warning": "คำเตือน!!!",
  "Survey_Title": "แบบสำรวจ",
  "Survey_ReminderTitle": "ตัวเตือนแบบสำรวจ",
  "Survey_Questions": "คำถาม",
  "Survey_Question": "คำถาม",
  "Survey_SummaryText_NoResponse_Creator": "กำลังรอการตอบกลับ",
  "Survey_SummaryText_NoResponse_Receiver": "เป็นคนแรกที่ตอบ!",
  "Survey_SummaryText_CompleteResponse": "ทุกคนได้ทำแบบสำรวจนี้",
  "Survey_SummaryText_IncompleteResponse": "{0} จาก {1} คนตอบกลับ",
  "Survey_SummaryText_IncompleteResponse_Public_Grp": "{0} บุคคลที่ตอบกลับ",
  "Survey_SummaryText_OneResponse_Public_Grp": "มี 1 บุคคลตอบกลับ",
  "Survey_RespondButton_Title": "ทำแบบสำรวจ",
  "Survey_AddNewResponseButton_Title": "เพิ่มคำตอบอื่น",
  "Survey_Edited_Text": " แก้ไขแล้ว",
  "SurveySummaryPageTitle": "สรุปแบบสำรวจ",
  "SurveyResponsePageTitle": "การตอบกลับแบบสำรวจ",
  "SurveyCreationPageTitle": "การสร้างแบบสำรวจ",
  "RefreshResponsesButtonTitle": "รีเฟรชการตอบกลับ",
  "AddQuestionHere": "เพิ่มคำถามที่นี่",
  "ResponderLocation": "ตำแหน่งที่ตั้งของผู้ตอบ"
}