{"name":"8e1d24fa-0b44-408e-bb3c-fb720bdc9f37","id":"/providers/Microsoft.Flow/flows/8e1d24fa-0b44-408e-bb3c-fb720bdc9f37","type":"Microsoft.Flow/flows","properties":{"apiId":"/providers/Microsoft.PowerApps/apis/shared_logicflows","displayName":"Ticket Reopen - AA Residents","definition":{"metadata":{"workflowEntityId":null,"creator":{"id":"f427bac5-ae00-49b3-baa4-bd6951730f64","type":"User","tenantId":"7f27e81b-6032-41f7-8749-2636b6b7b044"},"provisioningMethod":"FromDefinition","failureAlertSubscription":true,"clientLastModifiedTime":"2019-01-23T17:46:22.3188949Z"},"$schema":"https://schema.management.azure.com/providers/Microsoft.Logic/schemas/2016-06-01/workflowdefinition.json#","contentVersion":"1.0.0.0","parameters":{"$connections":{"defaultValue":{},"type":"Object"},"$authentication":{"defaultValue":{},"type":"SecureObject"}},"triggers":{"When_someone_responds_to_a_custom_action":{"metadata":{"flowSystemMetadata":{"swaggerOperationId":"ActionResponseOnGroup"}},"type":"ApiConnectionWebhook","inputs":{"host":{"connection":{"name":"@parameters('$connections')['shared_kaizala']['connectionId']"},"api":{"runtimeUrl":"https://india-001.azure-apim.net/apim/kaizala"}},"body":{"CallbackUrl":"@{listCallbackUrl()}"},"path":"/v1/webhook","queries":{"groupId":"6df51281-82c8-42fc-8dcd-00453d193381","actionPackageId":"Ace.ticketingUpdate.8","objectId":"00000000-0000-0000-0000-000000000000"},"authentication":"@parameters('$authentication')"}}},"actions":{"Get_items":{"runAfter":{},"metadata":{"flowSystemMetadata":{"swaggerOperationId":"GetItems"}},"type":"ApiConnection","inputs":{"host":{"connection":{"name":"@parameters('$connections')['shared_sharepointonline']['connectionId']"},"api":{"runtimeUrl":"https://india-001.azure-apim.net/apim/sharepointonline"}},"method":"get","path":"/datasets/@{encodeURIComponent(encodeURIComponent('https://aceatlantis.sharepoint.com/'))}/tables/@{encodeURIComponent(encodeURIComponent('95c990d5-8162-46a9-ba26-9d8eaf6ba458'))}/items","queries":{"$filter":"ID eq @{triggerBody()?['answer4']}"},"authentication":"@parameters('$authentication')"}},"Apply_to_each":{"foreach":"@body('Get_items')?['value']","actions":{"Update_item":{"runAfter":{"Convert_time_zone":["Succeeded"]},"metadata":{"flowSystemMetadata":{"swaggerOperationId":"PatchItem"}},"type":"ApiConnection","inputs":{"host":{"connection":{"name":"@parameters('$connections')['shared_sharepointonline']['connectionId']"},"api":{"runtimeUrl":"https://india-001.azure-apim.net/apim/sharepointonline"}},"method":"patch","body":{"Title":"@{triggerBody()?['fromUser']}-@{utcNow()}","Status":{"@@odata.type":"#Microsoft.Azure.Connectors.SharePoint.SPListExpandedReference","Value":"Re-opened"},"Reopen_x0020_Comments":"@{items('Apply_to_each')?['Reopen_x0020_Comments']}\n@{body('Convert_time_zone')} - @{triggerBody()?['answer3']} "},"path":"/datasets/@{encodeURIComponent(encodeURIComponent('https://aceatlantis.sharepoint.com/'))}/tables/@{encodeURIComponent(encodeURIComponent('95c990d5-8162-46a9-ba26-9d8eaf6ba458'))}/items/@{encodeURIComponent(items('Apply_to_each')?['ID'])}","authentication":"@parameters('$authentication')"}},"Set_variable":{"runAfter":{"Update_item":["Succeeded"]},"type":"SetVariable","inputs":{"name":"ActionBody","value":{"title":"Complaint","properties":[{"name":"Complaint ID","value":"@{body('Update_item')?['ID']}","type":"Text"},{"name":"Comments","value":"@{body('Update_item')?['Reopen_x0020_Comments']}","type":"Text"},{"name":"FlatNo","value":"@{body('Update_item')?['Flat_x0020_No']}","type":"Text"},{"name":"Status","value":"Re-opened","type":"Text"},{"name":"Category","value":"@{body('Update_item')?['Problem_x0020_Type']}","type":"Text"},{"name":"Complaint","value":"@{body('Update_item')?['Problem_x0020_Description']}","type":"Text"}]}}},"Send_action_on_a_group":{"runAfter":{"Set_variable":["Succeeded"]},"metadata":{"flowSystemMetadata":{"swaggerOperationId":"SendActions_v2"}},"type":"ApiConnection","inputs":{"host":{"connection":{"name":"@parameters('$connections')['shared_kaizala']['connectionId']"},"api":{"runtimeUrl":"https://india-001.azure-apim.net/apim/kaizala"}},"method":"post","body":{"actionBody":{"id":"Ace.Bms.ticketingUpdate.4","actionBody":"@variables('ActionBody')"}},"path":"/groups/@{encodeURIComponent('64535e05-4bf8-4a35-b141-e94f883b276a')}/actions","queries":{"actionType":"Action Package"},"authentication":"@parameters('$authentication')"}},"Convert_time_zone":{"runAfter":{},"type":"Expression","kind":"ConvertTimeZone","inputs":{"baseTime":"@{utcNow()}","formatString":"g","sourceTimeZone":"UTC","destinationTimeZone":"India Standard Time"}}},"runAfter":{"Initialize_variable":["Succeeded"]},"type":"Foreach"},"Initialize_variable":{"runAfter":{"Get_items":["Succeeded"]},"type":"InitializeVariable","inputs":{"variables":[{"name":"ActionBody","type":"Object"}]}}},"outputs":{}},"connectionReferences":{"shared_sharepointonline":{"connectionName":"25e92701563f4536be8813484672e55d","source":"Embedded","id":"/providers/Microsoft.PowerApps/apis/shared_sharepointonline","tier":"NotSpecified"},"shared_kaizala":{"connectionName":"shared-kaizala-5a8d47e3-dd3d-43c3-b138-deef5ff91c39","source":"Embedded","id":"/providers/Microsoft.PowerApps/apis/shared_kaizala","tier":"NotSpecified"}},"flowFailureAlertSubscribed":false}}