{
  "title": "Complaint Update",
  "visibility": "All",
  "expiry": 4070908800000,
  "isAnonymous": false,
  "isResponseAppended": false,
  "isLocationRequested": false,
  "questions": [
    {
      "title" : "Complaint Update",
      "type" : "text"
    },
    {
      "title" : "Status",
      "type" : "text"
    },
    {
      "title" : "Comments",
      "type" : "text"
    },
    {
      "title" : "FlatNo",
      "type" : "text"
    },
    {
      "title" : "Complaint ID",
      "type" : "text"
    }
  ]
}