{
    "schemaVersion": 1,
    "schema": {
        "type": "container",
        "initialHeight": 300,
        "layout": "vertical",
        "children": [
            {
                "type": "view",
                "layout": "horizontal",
                "width": 50,
                "height": 2,
                "marginLeft": 10,
                "marginTop": 0,
                "backgroundColor": "#ff9f01"
            },
            {
                "type": "text",
                "paddingLeft": 10,
                "paddingRight": 10,
                "string": "Complaint #ID ${Form.properties[Complaint ID].value}",
                "fontSize": 14,
                "fontStyle": "bold",
                "textColor": "#32495f",
                "textAlignment": "left",
                "maxNumberOfLines": 4,
                "marginTop": 10,
                "marginBottom": 2
            },
            {
                "type": "view",
                "layout": "horizontal",
                "height": 2,
                "marginLeft": 10,
                "marginRight": 10,
                "marginTop": 0,
                "backgroundColor": "#4286f4"
            },
            {
                "type": "text",
                "paddingLeft": 10,
                "paddingRight": 10,
                "string": "Category: ${Form.properties[Category].value}",
                "fontSize": 14,
                "textColor": "#32495f",
                "textAlignment": "left",
                "maxNumberOfLines": 4,
                "marginTop": 10,
                "marginBottom": 2
            },
            {
                "type": "text",
                "paddingLeft": 10,
                "paddingRight": 10,
                "string": "FlatNo: ${Form.properties[FlatNo].value}",
                "fontSize": 14,
                "textColor": "#32495f",
                "textAlignment": "left",
                "maxNumberOfLines": 4,
                "marginTop": 10,
                "marginBottom": 2
            },
            {
                "type": "text",
                "paddingLeft": 10,
                "paddingRight": 10,
                "string": "Problem: ${Form.properties[Complaint].value}",
                "fontSize": 14,
                "textColor": "#32495f",
                "textAlignment": "left",
                "maxNumberOfLines": 4,
                "marginTop": 10,
                "marginBottom": 2
            },
            {
                "type": "text",
                "paddingLeft": 10,
                "paddingRight": 10,
                "string": "Status: ${Form.properties[Status].value}",
                "fontSize": 14,
                "textColor": "#32495f",
                "textAlignment": "left",
                "maxNumberOfLines": 4,
                "marginBottom": 2
            },
            {
                "type": "text",
                "paddingLeft": 10,
                "paddingRight": 10,
                "string": "Comments: ${Form.properties[Comments].value}",
                "fontSize": 14,
                "textColor": "#32495f",
                "textAlignment": "left",
                "maxNumberOfLines": 4,
                "marginBottom": 15
            }
        ]
    }
}