{
    "strComplaintDetails" : "Below are the details of your complaint",
    "strComplaintType" : "Complaint Type",
    "strStatus" : "Status",
    "strComments" : "Additional Comments",
    "strAdditionDetails" : "Add details to close ticket :",
    "strReopenTicket" : "Reopen Ticket",
    "strComplaintStatus" : "Close Ticket",
    "strRequestStatus" : "Complaint Details",
    "strTapToEnter" : "Tap to enter",
    "strReopenDetails" : "Details of request to close the ticket",
    "strFlatNo" : "Flat No"
}