{"name":"fa8167e1-a487-4753-9b68-89fba373f78e","id":"/providers/Microsoft.Flow/flows/fa8167e1-a487-4753-9b68-89fba373f78e","type":"Microsoft.Flow/flows","properties":{"apiId":"/providers/Microsoft.PowerApps/apis/shared_logicflows","displayName":"Daily Registration - AA Security","definition":{"metadata":{"workflowEntityId":null,"creator":{"id":"f427bac5-ae00-49b3-baa4-bd6951730f64","type":"User","tenantId":"7f27e81b-6032-41f7-8749-2636b6b7b044"},"provisioningMethod":"FromDefinition","failureAlertSubscription":true,"clientLastModifiedTime":"2019-03-22T18:13:29.5753008Z"},"$schema":"https://schema.management.azure.com/providers/Microsoft.Logic/schemas/2016-06-01/workflowdefinition.json#","contentVersion":"1.0.0.0","parameters":{"$connections":{"defaultValue":{},"type":"Object"},"$authentication":{"defaultValue":{},"type":"SecureObject"}},"triggers":{"When_someone_responds_to_a_custom_action":{"metadata":{"flowSystemMetadata":{"swaggerOperationId":"ActionResponseOnGroup"}},"type":"ApiConnectionWebhook","inputs":{"host":{"connection":{"name":"@parameters('$connections')['shared_kaizala']['connectionId']"},"api":{"runtimeUrl":"https://india-001.azure-apim.net/apim/kaizala"}},"body":{"CallbackUrl":"@{listCallbackUrl()}"},"path":"/v1/webhook","queries":{"groupId":"8ce23cff-9c49-4ff0-a168-6777d77641ae","actionPackageId":"d653a1a6-999e-4ebc-baa3-6a3e851a2f7c.4","objectId":"00000000-0000-0000-0000-000000000000"},"authentication":"@parameters('$authentication')"}}},"actions":{"Run_Scope":{"actions":{"Detect_Faces":{"runAfter":{},"type":"Http","inputs":{"method":"POST","uri":"https://centralindia.api.cognitive.microsoft.com/face/v1.0/detect?returnFaceId=true","headers":{"Ocp-Apim-Subscription-Key":"@variables('faceapikey')"},"body":{"url":"@{triggerBody()?['answer5']}"}}},"Identify_the_face":{"runAfter":{"Detect_Faces":["Succeeded"]},"type":"Http","inputs":{"method":"POST","uri":"https://centralindia.api.cognitive.microsoft.com/face/v1.0/identify","headers":{"Ocp-Apim-Subscription-Key":"@variables('faceapikey')"},"body":{"personGroupId":"@{variables('persongroupid')}","faceIds":["@{body('Detect_Faces')[0].faceId}"],"maxNumOfCandidatesReturned":1,"confidenceThreshold":0.7}}},"Verify_candidate":{"actions":{"IdentifyPersonId":{"runAfter":{},"type":"Http","inputs":{"method":"GET","uri":"https://centralindia.api.cognitive.microsoft.com/face/v1.0/persongroups/@{variables('persongroupid')}/persons/@{body('Identify_the_face')[0].candidates[0].personId}","headers":{"Ocp-Apim-Subscription-Key":"@variables('faceapikey')"}}},"Get_person_photo":{"runAfter":{"IdentifyPersonId":["Succeeded"]},"metadata":{"flowSystemMetadata":{"swaggerOperationId":"GetItems"}},"type":"ApiConnection","inputs":{"host":{"connection":{"name":"@parameters('$connections')['shared_sharepointonline']['connectionId']"},"api":{"runtimeUrl":"https://india-001.azure-apim.net/apim/sharepointonline"}},"method":"get","path":"/datasets/@{encodeURIComponent(encodeURIComponent('https://aceatlantis.sharepoint.com/'))}/tables/@{encodeURIComponent(encodeURIComponent('caae196d-9238-420a-b373-79ad9d830b3a'))}/items","queries":{"$filter":"Title eq '@{body('Identify_the_face')[0].candidates[0].personId}'"},"authentication":"@parameters('$authentication')"}},"Apply_to_each":{"foreach":"@body('Get_person_photo')?['value']","actions":{"Upload_person_photo":{"runAfter":{},"metadata":{"flowSystemMetadata":{"swaggerOperationId":"UploadMediaFromURL"}},"type":"ApiConnection","inputs":{"host":{"connection":{"name":"@parameters('$connections')['shared_kaizala']['connectionId']"},"api":{"runtimeUrl":"https://india-001.azure-apim.net/apim/kaizala"}},"method":"post","body":{"mediaUrl":"@items('Apply_to_each')?['Photo']"},"path":"/v1/media/url","authentication":"@parameters('$authentication')"}},"Send_action_on_a_group":{"runAfter":{"Add_Daily_Entry":["Succeeded"]},"metadata":{"flowSystemMetadata":{"swaggerOperationId":"SendActions_v2"}},"type":"ApiConnection","inputs":{"host":{"connection":{"name":"@parameters('$connections')['shared_kaizala']['connectionId']"},"api":{"runtimeUrl":"https://india-001.azure-apim.net/apim/kaizala"}},"method":"post","body":{"actionBody":{"Message":"This member already exists, verify the photo.\nYour daily registration for the person\"@{triggerBody()?['answer1']}\" successful.","Title":"Member already exists","MediaResources":"@body('Upload_person_photo')?['mediaResource']"}},"path":"/groups/@{encodeURIComponent('8ce23cff-9c49-4ff0-a168-6777d77641ae')}/actions","queries":{"actionType":"announcement"},"authentication":"@parameters('$authentication')"}},"Add_Daily_Entry":{"runAfter":{"Upload_person_photo":["Succeeded"]},"metadata":{"flowSystemMetadata":{"swaggerOperationId":"PostItem"}},"type":"ApiConnection","inputs":{"host":{"connection":{"name":"@parameters('$connections')['shared_sharepointonline']['connectionId']"},"api":{"runtimeUrl":"https://india-001.azure-apim.net/apim/sharepointonline"}},"method":"post","body":{"Title":"@{guid()}","Visitor_x0020_Name":"@triggerBody()?['answer1']","PersonId":"@{body('Identify_the_face')[0].candidates[0].personId}"},"path":"/datasets/@{encodeURIComponent(encodeURIComponent('https://aceatlantis.sharepoint.com/'))}/tables/@{encodeURIComponent(encodeURIComponent('6cd7a6a1-0884-4c63-bb90-86d4d6120fba'))}/items","authentication":"@parameters('$authentication')"}}},"runAfter":{"Get_person_photo":["Succeeded"]},"type":"Foreach"}},"runAfter":{"Identify_the_face":["Succeeded"]},"else":{"actions":{"Compose":{"runAfter":{},"type":"Compose","inputs":"@{triggerBody()?['answer1']}_@{triggerBody()?['answer2_with_singular_value']}_@{triggerBody()?['answer3']}"},"Create_a_person":{"runAfter":{"Compose":["Succeeded"]},"metadata":{"flowSystemMetadata":{"swaggerOperationId":"CreatePerson"}},"type":"ApiConnection","inputs":{"host":{"connection":{"name":"@parameters('$connections')['shared_faceapi']['connectionId']"},"api":{"runtimeUrl":"https://india-001.azure-apim.net/apim/faceapi"}},"method":"post","body":{"name":"@{outputs('Compose')}"},"path":"/face/v1.0/persongroups/@{encodeURIComponent('<PersonGroupId>')}/persons","authentication":"@parameters('$authentication')"}},"Add_a_person_face":{"runAfter":{"Create_a_person":["Succeeded"]},"metadata":{"flowSystemMetadata":{"swaggerOperationId":"AddPersonFace"}},"type":"ApiConnection","inputs":{"host":{"connection":{"name":"@parameters('$connections')['shared_faceapi']['connectionId']"},"api":{"runtimeUrl":"https://india-001.azure-apim.net/apim/faceapi"}},"method":"post","body":{"url":"@triggerBody()?['answer5']"},"path":"/face/v1.0/persongroups/@{encodeURIComponent('<PersonGroupId>')}/persons/@{encodeURIComponent(body('Create_a_person')?['personId'])}/persistedFaces","authentication":"@parameters('$authentication')"}},"Train_the_model":{"runAfter":{"Add_a_person_face":["Succeeded"]},"type":"Http","inputs":{"method":"POST","uri":"https://centralindia.api.cognitive.microsoft.com/face/v1.0/persongroups/@{variables('persongroupid')}/train","headers":{"Ocp-Apim-Subscription-Key":"@variables('faceapikey')"}}},"Delay":{"runAfter":{"Send_daily_registration_inprogress":["Succeeded"]},"type":"Wait","inputs":{"interval":{"count":3,"unit":"Minute"}}},"Check_status_of_train":{"runAfter":{"Delay":["Succeeded"]},"type":"Http","inputs":{"method":"GET","uri":"https://centralindia.api.cognitive.microsoft.com/face/v1.0/persongroups/@{variables('persongroupid')}/training","headers":{"Ocp-Apim-Subscription-Key":"@variables('faceapikey')"}}},"Parse_JSON":{"runAfter":{"Check_status_of_train":["Succeeded"]},"type":"ParseJson","inputs":{"content":"@body('Check_status_of_train')","schema":{"type":"object","properties":{"status":{"type":"string"},"createdDateTime":{"type":"string"},"lastActionDateTime":{"type":"string"},"message":{}}}}},"Condition":{"actions":{"Create_daily_visitor":{"runAfter":{},"metadata":{"flowSystemMetadata":{"swaggerOperationId":"PostItem"}},"type":"ApiConnection","inputs":{"host":{"connection":{"name":"@parameters('$connections')['shared_sharepointonline']['connectionId']"},"api":{"runtimeUrl":"https://india-001.azure-apim.net/apim/sharepointonline"}},"method":"post","body":{"Title":"@body('Create_a_person')?['personId']","VisitorName":"@triggerBody()?['answer1']","Purpose_x0020_of_x0020_visit":"@{triggerBody()?['answer2_with_singular_value']}@{triggerBody()?['answer6']}","IdDetails":"@triggerBody()?['answer3']","Proof":"@triggerBody()?['answer4']","Photo":"@triggerBody()?['answer5']"},"path":"/datasets/@{encodeURIComponent(encodeURIComponent('https://aceatlantis.sharepoint.com/'))}/tables/@{encodeURIComponent(encodeURIComponent('caae196d-9238-420a-b373-79ad9d830b3a'))}/items","authentication":"@parameters('$authentication')"}},"Send_success_announcement":{"runAfter":{"Upload_daily_success":["Succeeded"]},"metadata":{"flowSystemMetadata":{"swaggerOperationId":"SendActions_v2"}},"type":"ApiConnection","inputs":{"host":{"connection":{"name":"@parameters('$connections')['shared_kaizala']['connectionId']"},"api":{"runtimeUrl":"https://india-001.azure-apim.net/apim/kaizala"}},"method":"post","body":{"subscribers":"@triggerBody()?['fromUser']","actionBody":{"Message":"Registration successful","Title":"Name:@{triggerBody()?['answer1']}","MediaResources":"@body('Upload_daily_success')?['mediaResource']"}},"path":"/groups/@{encodeURIComponent('8ce23cff-9c49-4ff0-a168-6777d77641ae')}/actions","queries":{"actionType":"announcement","sendToAll":"No"},"authentication":"@parameters('$authentication')"}},"Get_daily_success":{"runAfter":{"Create_daily_visitor":["Succeeded"]},"metadata":{"%252fShared%2bDocuments%252fImage%252fDailySuccessful.png":"/Shared Documents/Image/DailySuccessful.png","flowSystemMetadata":{"swaggerOperationId":"GetFileContent"}},"type":"ApiConnection","inputs":{"host":{"connection":{"name":"@parameters('$connections')['shared_sharepointonline']['connectionId']"},"api":{"runtimeUrl":"https://india-001.azure-apim.net/apim/sharepointonline"}},"method":"get","path":"/datasets/@{encodeURIComponent(encodeURIComponent('https://aceatlantis.sharepoint.com/'))}/files/@{encodeURIComponent('%252fShared%2bDocuments%252fImage%252fDailySuccessful.png')}/content","queries":{"inferContentType":true},"authentication":"@parameters('$authentication')"}},"Upload_daily_success":{"runAfter":{"Get_daily_success":["Succeeded"]},"metadata":{"flowSystemMetadata":{"swaggerOperationId":"UploadMediaFromAttachment"}},"type":"ApiConnection","inputs":{"host":{"connection":{"name":"@parameters('$connections')['shared_kaizala']['connectionId']"},"api":{"runtimeUrl":"https://india-001.azure-apim.net/apim/kaizala"}},"method":"post","body":{"fileContent":"@body('Get_daily_success')"},"path":"/v1/media/attachment","authentication":"@parameters('$authentication')"}}},"runAfter":{"Parse_JSON":["Succeeded"]},"else":{"actions":{"Send_failure_notification":{"runAfter":{"Upload_daily_failure":["Succeeded"]},"metadata":{"flowSystemMetadata":{"swaggerOperationId":"SendActions_v2"}},"type":"ApiConnection","inputs":{"host":{"connection":{"name":"@parameters('$connections')['shared_kaizala']['connectionId']"},"api":{"runtimeUrl":"https://india-001.azure-apim.net/apim/kaizala"}},"method":"post","body":{"actionBody":{"Message":"Failed to register: @{triggerBody()?['answer1']},\nRequest to verify the sample in the  announcment and try again.\nEnsure that the uploaded image is clear, do not take pic with masks / caps.","Title":"Registraion Failed","MediaResources":"@body('Upload_daily_failure')?['mediaResource']"}},"path":"/groups/@{encodeURIComponent('8ce23cff-9c49-4ff0-a168-6777d77641ae')}/actions","queries":{"actionType":"announcement","sendToAll":"No"},"authentication":"@parameters('$authentication')"}},"Get_daily_failure_icon":{"runAfter":{"Create_failure_of_daily_registration":["Succeeded"]},"metadata":{"flowSystemMetadata":{"swaggerOperationId":"GetFileContentByPath"}},"type":"ApiConnection","inputs":{"host":{"connection":{"name":"@parameters('$connections')['shared_sharepointonline']['connectionId']"},"api":{"runtimeUrl":"https://india-001.azure-apim.net/apim/sharepointonline"}},"method":"get","path":"/datasets/@{encodeURIComponent(encodeURIComponent('https://aceatlantis.sharepoint.com/'))}/GetFileContentByPath","queries":{"path":"/Shared Documents/Image/DailyFailure.png","queryParametersSingleEncoded":true,"inferContentType":true},"authentication":"@parameters('$authentication')"}},"Upload_daily_failure":{"runAfter":{"Get_daily_failure_icon":["Succeeded"]},"metadata":{"flowSystemMetadata":{"swaggerOperationId":"UploadMediaFromAttachment"}},"type":"ApiConnection","inputs":{"host":{"connection":{"name":"@parameters('$connections')['shared_kaizala']['connectionId']"},"api":{"runtimeUrl":"https://india-001.azure-apim.net/apim/kaizala"}},"method":"post","body":{"fileContent":"@body('Get_daily_failure_icon')"},"path":"/v1/media/attachment","authentication":"@parameters('$authentication')"}},"Create_failure_of_daily_registration":{"runAfter":{},"metadata":{"flowSystemMetadata":{"swaggerOperationId":"PostItem"}},"type":"ApiConnection","inputs":{"host":{"connection":{"name":"@parameters('$connections')['shared_sharepointonline']['connectionId']"},"api":{"runtimeUrl":"https://india-001.azure-apim.net/apim/sharepointonline"}},"method":"post","body":{"Title":"@{guid()}","PhotoUrl":"@triggerBody()?['answer5']","ResponderName":"Failed to train -@{triggerBody()?['fromUserName']}","CardType":"Daily Registration"},"path":"/datasets/@{encodeURIComponent(encodeURIComponent('https://aceatlantis.sharepoint.com/'))}/tables/@{encodeURIComponent(encodeURIComponent('9ca8a2e7-e83f-4d64-a36f-9424ee29a3b3'))}/items","authentication":"@parameters('$authentication')"}}}},"expression":"@equals(body('Parse_JSON')?['status'], 'succeeded')","type":"If"},"Send_daily_registration_inprogress":{"runAfter":{"Upload_daily_registration_inprogress_icon":["Succeeded"]},"metadata":{"flowSystemMetadata":{"swaggerOperationId":"SendActions_v2"}},"type":"ApiConnection","inputs":{"host":{"connection":{"name":"@parameters('$connections')['shared_kaizala']['connectionId']"},"api":{"runtimeUrl":"https://india-001.azure-apim.net/apim/kaizala"}},"method":"post","body":{"actionBody":{"Message":"Registration started","Title":"After 3 mins, you will recieve an annoucment whether the registration is sccuessful or not.","MediaResources":"@body('Upload_daily_registration_inprogress_icon')?['mediaResource']"}},"path":"/groups/@{encodeURIComponent('8ce23cff-9c49-4ff0-a168-6777d77641ae')}/actions","queries":{"actionType":"announcement"},"authentication":"@parameters('$authentication')"}},"Get_file_daily_registration_inprogress":{"runAfter":{"Train_the_model":["Succeeded"]},"metadata":{"flowSystemMetadata":{"swaggerOperationId":"GetFileContentByPath"}},"type":"ApiConnection","inputs":{"host":{"connection":{"name":"@parameters('$connections')['shared_sharepointonline']['connectionId']"},"api":{"runtimeUrl":"https://india-001.azure-apim.net/apim/sharepointonline"}},"method":"get","path":"/datasets/@{encodeURIComponent(encodeURIComponent('https://aceatlantis.sharepoint.com/'))}/GetFileContentByPath","queries":{"path":"/Shared Documents/Image/DailyInprogress.png","queryParametersSingleEncoded":true,"inferContentType":true},"authentication":"@parameters('$authentication')"}},"Upload_daily_registration_inprogress_icon":{"runAfter":{"Get_file_daily_registration_inprogress":["Succeeded"]},"metadata":{"flowSystemMetadata":{"swaggerOperationId":"UploadMediaFromAttachment"}},"type":"ApiConnection","inputs":{"host":{"connection":{"name":"@parameters('$connections')['shared_kaizala']['connectionId']"},"api":{"runtimeUrl":"https://india-001.azure-apim.net/apim/kaizala"}},"method":"post","body":{"fileContent":"@body('Get_file_daily_registration_inprogress')"},"path":"/v1/media/attachment","authentication":"@parameters('$authentication')"}}}},"expression":"@greater(length(body('Identify_the_face')[0].candidates), 0)","type":"If"}},"runAfter":{"Initialize_variable_Person_Group_ID":["Succeeded"]},"type":"Scope"},"Scope":{"actions":{"Get_file_content_using_path":{"runAfter":{},"metadata":{"flowSystemMetadata":{"swaggerOperationId":"GetFileContentByPath"}},"type":"ApiConnection","inputs":{"host":{"connection":{"name":"@parameters('$connections')['shared_sharepointonline']['connectionId']"},"api":{"runtimeUrl":"https://india-001.azure-apim.net/apim/sharepointonline"}},"method":"get","path":"/datasets/@{encodeURIComponent(encodeURIComponent('https://aceatlantis.sharepoint.com/'))}/GetFileContentByPath","queries":{"path":"/Shared Documents/Image/DailyFailure.png","queryParametersSingleEncoded":true,"inferContentType":true},"authentication":"@parameters('$authentication')"}},"Upload_media_from_attachment":{"runAfter":{"Get_file_content_using_path":["Succeeded"]},"metadata":{"flowSystemMetadata":{"swaggerOperationId":"UploadMediaFromAttachment"}},"type":"ApiConnection","inputs":{"host":{"connection":{"name":"@parameters('$connections')['shared_kaizala']['connectionId']"},"api":{"runtimeUrl":"https://india-001.azure-apim.net/apim/kaizala"}},"method":"post","body":{"fileContent":"@body('Get_file_content_using_path')"},"path":"/v1/media/attachment","authentication":"@parameters('$authentication')"}},"Send_failure_announcement_to_residents":{"runAfter":{"Upload_media_from_attachment":["Succeeded"]},"metadata":{"flowSystemMetadata":{"swaggerOperationId":"SendActions_v2"}},"type":"ApiConnection","inputs":{"host":{"connection":{"name":"@parameters('$connections')['shared_kaizala']['connectionId']"},"api":{"runtimeUrl":"https://india-001.azure-apim.net/apim/kaizala"}},"method":"post","body":{"subscribers":"@triggerBody()?['fromUser']","actionBody":{"Message":"Failed to register: @{triggerBody()?['answer1']},\nEnsure that the uploaded image is clear, do not take pic with masks , caps, spectacles.","Title":"Registraion Failed","MediaResources":"@body('Upload_media_from_attachment')?['mediaResource']"}},"path":"/groups/@{encodeURIComponent('8ce23cff-9c49-4ff0-a168-6777d77641ae')}/actions","queries":{"actionType":"announcement","sendToAll":"No"},"authentication":"@parameters('$authentication')"}}},"runAfter":{"Run_Scope":["Failed"]},"type":"Scope"},"Initialize_variable_FaceApiKey":{"runAfter":{},"type":"InitializeVariable","inputs":{"variables":[{"name":"faceapikey","type":"String","value":"key1"}]}},"Initialize_variable_Person_Group_ID":{"runAfter":{"Initialize_variable_FaceApiKey":["Succeeded"]},"type":"InitializeVariable","inputs":{"variables":[{"name":"persongroupid","type":"String","value":"<PersonGroupId>"}]}}},"outputs":{}},"connectionReferences":{"shared_sharepointonline":{"connectionName":"25e92701563f4536be8813484672e55d","source":"Embedded","id":"/providers/Microsoft.PowerApps/apis/shared_sharepointonline","tier":"NotSpecified"},"shared_kaizala":{"connectionName":"shared-kaizala-5a8d47e3-dd3d-43c3-b138-deef5ff91c39","source":"Embedded","id":"/providers/Microsoft.PowerApps/apis/shared_kaizala","tier":"NotSpecified"},"shared_faceapi":{"connectionName":"shared-faceapi-ab728a55-8c65-4c6e-bf80-362555585f39","source":"Embedded","id":"/providers/Microsoft.PowerApps/apis/shared_faceapi","tier":"NotSpecified"}},"flowFailureAlertSubscribed":false}}