{"name":"46c32a22-f5af-43a4-a868-d7902d328567","id":"/providers/Microsoft.Flow/flows/46c32a22-f5af-43a4-a868-d7902d328567","type":"Microsoft.Flow/flows","properties":{"apiId":"/providers/Microsoft.PowerApps/apis/shared_logicflows","displayName":"Ticket Raise Complaint - AA Residents","definition":{"metadata":{"workflowEntityId":null,"creator":{"id":"f427bac5-ae00-49b3-baa4-bd6951730f64","type":"User","tenantId":"7f27e81b-6032-41f7-8749-2636b6b7b044"},"provisioningMethod":"FromDefinition","failureAlertSubscription":true,"clientLastModifiedTime":"2019-01-23T17:46:49.8200766Z"},"$schema":"https://schema.management.azure.com/providers/Microsoft.Logic/schemas/2016-06-01/workflowdefinition.json#","contentVersion":"1.0.0.0","parameters":{"$connections":{"defaultValue":{},"type":"Object"},"$authentication":{"defaultValue":{},"type":"SecureObject"}},"triggers":{"When_someone_responds_to_a_custom_action":{"metadata":{"flowSystemMetadata":{"swaggerOperationId":"ActionResponseOnGroup"}},"type":"ApiConnectionWebhook","inputs":{"host":{"connection":{"name":"@parameters('$connections')['shared_kaizala']['connectionId']"},"api":{"runtimeUrl":"https://india-001.azure-apim.net/apim/kaizala"}},"body":{"CallbackUrl":"@{listCallbackUrl()}"},"path":"/v1/webhook","queries":{"groupId":"6df51281-82c8-42fc-8dcd-00453d193381","actionPackageId":"65d84729-48c9-49d6-8fd8-26270609a00c","objectId":"00000000-0000-0000-0000-000000000000"},"authentication":"@parameters('$authentication')"}}},"actions":{"Create_item":{"runAfter":{},"metadata":{"flowSystemMetadata":{"swaggerOperationId":"PostItem"}},"type":"ApiConnection","inputs":{"host":{"connection":{"name":"@parameters('$connections')['shared_sharepointonline_1']['connectionId']"},"api":{"runtimeUrl":"https://india-001.azure-apim.net/apim/sharepointonline"}},"method":"post","body":{"Title":"@{guid()}","Flat_x0020_No":"@triggerBody()?['answer1']","Problem_x0020_Type":"@triggerBody()?['answer2_with_singular_value']","Problem_x0020_Description":"@triggerBody()?['answer3']","Photo_x0020_Of_x0020_Ticket":"@triggerBody()?['answer4']","Comments":"No Comments","Feedback":"No Feedback","User":"@triggerBody()?['fromUserName']","Status":{"Value":"Submitted"},"phnumber":"@triggerBody()?['fromUser']"},"path":"/datasets/@{encodeURIComponent(encodeURIComponent('https://aceatlantis.sharepoint.com/'))}/tables/@{encodeURIComponent(encodeURIComponent('95c990d5-8162-46a9-ba26-9d8eaf6ba458'))}/items","authentication":"@parameters('$authentication')"}},"Initialize_variable":{"runAfter":{"Create_item":["Succeeded"]},"type":"InitializeVariable","inputs":{"variables":[{"name":"ActionBody","type":"Object","value":{"title":"Complaint","properties":[{"name":"Complaint ID","value":"@{body('Create_item')?['ID']}","type":"Text"},{"name":"Comments","value":"@{body('Create_item')?['Comments']}","type":"Text"},{"name":"Status","value":"@{body('Create_item')?['Status']?['Value']}","type":"Text"},{"name":"FlatNo","value":"@{body('Create_item')?['Flat_x0020_No']}","type":"Text"},{"name":"Category","value":"@{body('Create_item')?['Problem_x0020_Type']}","type":"Text"},{"name":"Complaint","value":"@{body('Create_item')?['Problem_x0020_Description']}","type":"Text"}]}}]}},"Send_Ticket_details_to_creator":{"runAfter":{"Send_action_on_a_group":["Succeeded"]},"metadata":{"flowSystemMetadata":{"swaggerOperationId":"SendActions_v2"}},"type":"ApiConnection","inputs":{"host":{"connection":{"name":"@parameters('$connections')['shared_kaizala']['connectionId']"},"api":{"runtimeUrl":"https://india-001.azure-apim.net/apim/kaizala"}},"method":"post","body":{"subscribers":"@body('Create_item')?['phnumber']","actionBody":{"id":"Ace.ticketingUpdate.8","actionBody":"@variables('ActionBody')"}},"path":"/groups/@{encodeURIComponent('6df51281-82c8-42fc-8dcd-00453d193381')}/actions","queries":{"actionType":"Action Package"},"authentication":"@parameters('$authentication')"}},"Send_action_on_a_group":{"runAfter":{"Initialize_variable":["Succeeded"]},"metadata":{"flowSystemMetadata":{"swaggerOperationId":"SendActions_v2"}},"type":"ApiConnection","inputs":{"host":{"connection":{"name":"@parameters('$connections')['shared_kaizala']['connectionId']"},"api":{"runtimeUrl":"https://india-001.azure-apim.net/apim/kaizala"}},"method":"post","body":{"actionBody":{"id":"Ace.Bms.ticketingUpdate.4","actionBody":"@variables('ActionBody')"}},"path":"/groups/@{encodeURIComponent('64535e05-4bf8-4a35-b141-e94f883b276a')}/actions","queries":{"actionType":"Action Package"},"authentication":"@parameters('$authentication')"}}},"outputs":{}},"connectionReferences":{"shared_sharepointonline_1":{"connectionName":"25e92701563f4536be8813484672e55d","source":"Embedded","id":"/providers/Microsoft.PowerApps/apis/shared_sharepointonline","tier":"NotSpecified"},"shared_kaizala":{"connectionName":"shared-kaizala-5a8d47e3-dd3d-43c3-b138-deef5ff91c39","source":"Embedded","id":"/providers/Microsoft.PowerApps/apis/shared_kaizala","tier":"NotSpecified"}},"flowFailureAlertSubscribed":false}}