{
    "$schema": "https://schema.management.azure.com/schemas/2015-01-01/deploymentTemplate.json#",
    "contentVersion": "1.0.0.0",
    "parameters": {
        "accounts_face_name": {
            "defaultValue": "face",
            "type": "String"
        }
    },
    "variables": {},
    "resources": [
        {
            "type": "Microsoft.CognitiveServices/accounts",
            "sku": {
                "name": "F0"
            },
            "kind": "Face",
            "name": "[parameters('accounts_face_name')]",
            "apiVersion": "2016-02-01-preview",
            "location": "centralindia",
            "scale": null,
            "properties": {},
            "dependsOn": []
        }
    ]
}