{"name":"c7071e6c-93f7-436a-a5f0-2d4321c87be0","id":"/providers/Microsoft.Flow/flows/c7071e6c-93f7-436a-a5f0-2d4321c87be0","type":"Microsoft.Flow/flows","properties":{"apiId":"/providers/Microsoft.PowerApps/apis/shared_logicflows","displayName":"Punch Register - AA Security","definition":{"metadata":{"workflowEntityId":null,"creator":{"id":"f427bac5-ae00-49b3-baa4-bd6951730f64","type":"User","tenantId":"7f27e81b-6032-41f7-8749-2636b6b7b044"},"provisioningMethod":"FromDefinition","failureAlertSubscription":true,"clientLastModifiedTime":"2019-03-23T08:13:22.8379059Z"},"$schema":"https://schema.management.azure.com/providers/Microsoft.Logic/schemas/2016-06-01/workflowdefinition.json#","contentVersion":"1.0.0.0","parameters":{"$connections":{"defaultValue":{},"type":"Object"},"$authentication":{"defaultValue":{},"type":"SecureObject"}},"triggers":{"When_someone_responds_to_a_custom_action":{"metadata":{"flowSystemMetadata":{"swaggerOperationId":"ActionResponseOnGroup"}},"type":"ApiConnectionWebhook","inputs":{"host":{"connection":{"name":"@parameters('$connections')['shared_kaizala']['connectionId']"},"api":{"runtimeUrl":"https://india-001.azure-apim.net/apim/kaizala"}},"body":{"CallbackUrl":"@{listCallbackUrl()}"},"path":"/v1/webhook","queries":{"groupId":"8ce23cff-9c49-4ff0-a168-6777d77641ae","actionPackageId":"9ccf4d66-6a93-4ddb-85f8-1d95135c2c7f.2","objectId":"00000000-0000-0000-0000-000000000000"},"authentication":"@parameters('$authentication')"}}},"actions":{"Scope":{"actions":{"Detect_the_faces":{"runAfter":{},"type":"Http","inputs":{"method":"POST","uri":"https://centralindia.api.cognitive.microsoft.com/face/v1.0/detect?returnFaceId=true","headers":{"Ocp-Apim-Subscription-Key":"@variables('faceapikey')"},"body":{"url":"@{triggerBody()?['answer1']}"}}},"Identify_the_face":{"runAfter":{"Detect_the_faces":["Succeeded"]},"type":"Http","inputs":{"method":"POST","uri":"https://centralindia.api.cognitive.microsoft.com/face/v1.0/identify","headers":{"Ocp-Apim-Subscription-Key":"@variables('faceapikey')"},"body":{"personGroupId":"@{variables('persongroupid')}","faceIds":["@{body('Detect_the_faces')[0].faceId}"],"maxNumOfCandidatesReturned":1,"confidenceThreshold":0.7}}},"Condition":{"actions":{"Identify_Person":{"runAfter":{},"type":"Http","inputs":{"method":"GET","uri":"https://centralindia.api.cognitive.microsoft.com/face/v1.0/persongroups/@{variables('persongroupid')}/persons/@{body('Identify_the_face')[0].candidates[0].personId}","headers":{"Ocp-Apim-Subscription-Key":"@variables('faceapikey')"}}},"Create_item":{"runAfter":{"Identify_Person":["Succeeded"]},"metadata":{"flowSystemMetadata":{"swaggerOperationId":"PostItem"}},"type":"ApiConnection","inputs":{"host":{"connection":{"name":"@parameters('$connections')['shared_sharepointonline']['connectionId']"},"api":{"runtimeUrl":"https://india-001.azure-apim.net/apim/sharepointonline"}},"method":"post","body":{"Title":"@triggerBody()?['fromUserName']","Visitor_x0020_Name":"@{body('Identify_Person')['name']}","PersonId":"@{body('Identify_the_face')[0].candidates[0].personId}"},"path":"/datasets/@{encodeURIComponent(encodeURIComponent('https://aceatlantis.sharepoint.com/'))}/tables/@{encodeURIComponent(encodeURIComponent('6cd7a6a1-0884-4c63-bb90-86d4d6120fba'))}/items","authentication":"@parameters('$authentication')"}},"Switch":{"runAfter":{"Create_item":["Succeeded"]},"cases":{"ARC":{"case":"ARC","actions":{"Send_text_message_to_a_BMS":{"runAfter":{},"metadata":{"flowSystemMetadata":{"swaggerOperationId":"SendMessage"}},"type":"ApiConnection","inputs":{"host":{"connection":{"name":"@parameters('$connections')['shared_kaizala']['connectionId']"},"api":{"runtimeUrl":"https://india-001.azure-apim.net/apim/kaizala"}},"method":"post","body":{"Message":" Punch recorded for : @{body('Identify_Person')['name']}"},"path":"/v1/groups/@{encodeURIComponent('168618ce-97d3-4794-85b5-b90fafc59d9e')}/messages","authentication":"@parameters('$authentication')"}}}},"Security":{"case":"SECURITY","actions":{"Send_attendance_to_security":{"runAfter":{},"metadata":{"flowSystemMetadata":{"swaggerOperationId":"SendMessage"}},"type":"ApiConnection","inputs":{"host":{"connection":{"name":"@parameters('$connections')['shared_kaizala']['connectionId']"},"api":{"runtimeUrl":"https://india-001.azure-apim.net/apim/kaizala"}},"method":"post","body":{"Message":"@{body('Identify_Person')['name']} : Present"},"path":"/v1/groups/@{encodeURIComponent('d8a62fd7-97b7-460d-883b-f15c3bc87f8c')}/messages","authentication":"@parameters('$authentication')"}}}}},"default":{"actions":{"Get_items":{"runAfter":{},"metadata":{"flowSystemMetadata":{"swaggerOperationId":"GetItems"}},"type":"ApiConnection","inputs":{"host":{"connection":{"name":"@parameters('$connections')['shared_sharepointonline']['connectionId']"},"api":{"runtimeUrl":"https://india-001.azure-apim.net/apim/sharepointonline"}},"method":"get","path":"/datasets/@{encodeURIComponent(encodeURIComponent('https://aceatlantis.sharepoint.com/'))}/tables/@{encodeURIComponent(encodeURIComponent('caae196d-9238-420a-b373-79ad9d830b3a'))}/items","queries":{"$filter":"Title eq '@{body('Identify_the_face')[0].candidates[0].personId}'","view":"e8623c65-4f48-4ef0-baed-5bd5bcd0da26"},"authentication":"@parameters('$authentication')"}},"Apply_to_each":{"foreach":"@body('Get_items')?['value']","actions":{"Check_Subscribed_flats":{"actions":{"Set_variable":{"runAfter":{},"type":"SetVariable","inputs":{"name":"distinctFlats","value":"@union(variables('Flats'), split(trim(items('Apply_to_each')?['Flats']), ' '))"}}},"runAfter":{},"expression":{"not":{"equals":["@items('Apply_to_each')?['Flats']","@null"]}},"type":"If"},"eachflat":{"foreach":"@variables('distinctFlats')","actions":{"Get_each_flat_phone_number":{"runAfter":{},"metadata":{"flowSystemMetadata":{"swaggerOperationId":"GetItems"}},"type":"ApiConnection","inputs":{"host":{"connection":{"name":"@parameters('$connections')['shared_sharepointonline']['connectionId']"},"api":{"runtimeUrl":"https://india-001.azure-apim.net/apim/sharepointonline"}},"method":"get","path":"/datasets/@{encodeURIComponent(encodeURIComponent('https://aceatlantis.sharepoint.com/'))}/tables/@{encodeURIComponent(encodeURIComponent('311fd2ec-53dd-4f58-9715-60674360bb66'))}/items","queries":{"$filter":"Flat_x0020_No eq '@{items('eachflat')}'"},"authentication":"@parameters('$authentication')"}},"Loop_for_each_phone_number":{"foreach":"@body('Get_each_flat_phone_number')?['value']","actions":{"Append_to_string_variable":{"runAfter":{},"type":"AppendToStringVariable","inputs":{"name":"PhoneNumbers","value":"@concat(items('Loop_for_each_phone_number')?['Phone_x0020_Number'],'\",\"')"}}},"runAfter":{"Get_each_flat_phone_number":["Succeeded"]},"type":"Foreach"},"Check_for_Phonenumbers":{"actions":{"Upload_media_from_url":{"runAfter":{},"metadata":{"flowSystemMetadata":{"swaggerOperationId":"UploadMediaFromURL"}},"type":"ApiConnection","inputs":{"host":{"connection":{"name":"@parameters('$connections')['shared_kaizala']['connectionId']"},"api":{"runtimeUrl":"https://india-001.azure-apim.net/apim/kaizala"}},"method":"post","body":{"mediaUrl":"@triggerBody()?['answer1']"},"path":"/v1/media/url","authentication":"@parameters('$authentication')"}},"Send_to_all_subscribers":{"runAfter":{"Upload_media_from_url":["Succeeded"]},"metadata":{"flowSystemMetadata":{"swaggerOperationId":"SendActions_v2"}},"type":"ApiConnection","inputs":{"host":{"connection":{"name":"@parameters('$connections')['shared_kaizala']['connectionId']"},"api":{"runtimeUrl":"https://india-001.azure-apim.net/apim/kaizala"}},"method":"post","body":{"subscribers":"@{concat('\"',variables('PhoneNumbers'),'\"')}","actionBody":{"Title":"Helper notificaiton from gate","MediaResources":"@body('Upload_media_from_url')?['mediaResource']"}},"path":"/groups/@{encodeURIComponent('6df51281-82c8-42fc-8dcd-00453d193381')}/actions","queries":{"actionType":"announcement","sendToAll":"No"},"authentication":"@parameters('$authentication')"}}},"runAfter":{"Loop_for_each_phone_number":["Succeeded"]},"expression":{"greater":["@length(variables('PhoneNumbers'))",3]},"type":"If"}},"runAfter":{"Check_Subscribed_flats":["Succeeded"]},"type":"Foreach"}},"runAfter":{"Get_items":["Succeeded"]},"type":"Foreach"}}},"expression":"@toUpper(split(body('Identify_Person')['name'], '_')[1])","type":"Switch"}},"runAfter":{"Identify_the_face":["Succeeded"]},"else":{"actions":{"Send_action_on_a_group":{"runAfter":{"Upload_media_from_attachment":["Succeeded"]},"metadata":{"flowSystemMetadata":{"swaggerOperationId":"SendActions_v2"}},"type":"ApiConnection","inputs":{"host":{"connection":{"name":"@parameters('$connections')['shared_kaizala']['connectionId']"},"api":{"runtimeUrl":"https://india-001.azure-apim.net/apim/kaizala"}},"method":"post","body":{"actionBody":{"Message":"Unable to Identify the person, Register the person using the daily registration","Title":"Failed to recognize","MediaResources":"@body('Upload_media_from_attachment')?['mediaResource']"}},"path":"/groups/@{encodeURIComponent('8ce23cff-9c49-4ff0-a168-6777d77641ae')}/actions","queries":{"actionType":"announcement"},"authentication":"@parameters('$authentication')"}},"Get_file_content_using_path":{"runAfter":{},"metadata":{"flowSystemMetadata":{"swaggerOperationId":"GetFileContentByPath"}},"type":"ApiConnection","inputs":{"host":{"connection":{"name":"@parameters('$connections')['shared_sharepointonline']['connectionId']"},"api":{"runtimeUrl":"https://india-001.azure-apim.net/apim/sharepointonline"}},"method":"get","path":"/datasets/@{encodeURIComponent(encodeURIComponent('https://aceatlantis.sharepoint.com/'))}/GetFileContentByPath","queries":{"path":"/Shared Documents/Image/PunchFail.png","queryParametersSingleEncoded":true,"inferContentType":true},"authentication":"@parameters('$authentication')"}},"Upload_media_from_attachment":{"runAfter":{"Create_Detection_Failure":["Succeeded"]},"metadata":{"flowSystemMetadata":{"swaggerOperationId":"UploadMediaFromAttachment"}},"type":"ApiConnection","inputs":{"host":{"connection":{"name":"@parameters('$connections')['shared_kaizala']['connectionId']"},"api":{"runtimeUrl":"https://india-001.azure-apim.net/apim/kaizala"}},"method":"post","body":{"fileContent":"@body('Get_file_content_using_path')"},"path":"/v1/media/attachment","authentication":"@parameters('$authentication')"}},"Create_Detection_Failure":{"runAfter":{"Get_file_content_using_path":["Succeeded"]},"metadata":{"flowSystemMetadata":{"swaggerOperationId":"PostItem"}},"type":"ApiConnection","inputs":{"host":{"connection":{"name":"@parameters('$connections')['shared_sharepointonline']['connectionId']"},"api":{"runtimeUrl":"https://india-001.azure-apim.net/apim/sharepointonline"}},"method":"post","body":{"Title":"@{guid()}","PhotoUrl":"@triggerBody()?['answer1']","ResponderName":"Not registreted-@{triggerBody()?['fromUserName']}","CardType":"Punch"},"path":"/datasets/@{encodeURIComponent(encodeURIComponent('https://aceatlantis.sharepoint.com/'))}/tables/@{encodeURIComponent(encodeURIComponent('9ca8a2e7-e83f-4d64-a36f-9424ee29a3b3'))}/items","authentication":"@parameters('$authentication')"}}}},"expression":"@greater(length(body('Identify_the_face')[0].candidates), 0)","type":"If"}},"runAfter":{"Initialize_Phonenumber":["Succeeded"]},"type":"Scope"},"Failed_Scope":{"actions":{"Create_punch_failure":{"runAfter":{},"metadata":{"flowSystemMetadata":{"swaggerOperationId":"PostItem"}},"type":"ApiConnection","inputs":{"host":{"connection":{"name":"@parameters('$connections')['shared_sharepointonline']['connectionId']"},"api":{"runtimeUrl":"https://india-001.azure-apim.net/apim/sharepointonline"}},"method":"post","body":{"Title":"@{guid()}","PhotoUrl":"@triggerBody()?['answer1']","ResponderName":"Face failure-@{triggerBody()?['fromUserName']}","CardType":"Punch"},"path":"/datasets/@{encodeURIComponent(encodeURIComponent('https://aceatlantis.sharepoint.com/'))}/tables/@{encodeURIComponent(encodeURIComponent('9ca8a2e7-e83f-4d64-a36f-9424ee29a3b3'))}/items","authentication":"@parameters('$authentication')"}},"Get_file_content":{"runAfter":{"Create_punch_failure":["Succeeded"]},"metadata":{"%252fShared%2bDocuments%252fImage%252fPunchFail.png":"/Shared Documents/Image/PunchFail.png","flowSystemMetadata":{"swaggerOperationId":"GetFileContent"},"%252fShared%2bDocuments%252fImage%252fPunchRetakePhoto.png":"/Shared Documents/Image/PunchRetakePhoto.png"},"type":"ApiConnection","inputs":{"host":{"connection":{"name":"@parameters('$connections')['shared_sharepointonline']['connectionId']"},"api":{"runtimeUrl":"https://india-001.azure-apim.net/apim/sharepointonline"}},"method":"get","path":"/datasets/@{encodeURIComponent(encodeURIComponent('https://aceatlantis.sharepoint.com/'))}/files/@{encodeURIComponent('%252fShared%2bDocuments%252fImage%252fPunchRetakePhoto.png')}/content","queries":{"inferContentType":true},"authentication":"@parameters('$authentication')"}},"Send_failure_announcement":{"runAfter":{"Upload_punch_failure":["Succeeded"]},"metadata":{"flowSystemMetadata":{"swaggerOperationId":"SendActions_v2"}},"type":"ApiConnection","inputs":{"host":{"connection":{"name":"@parameters('$connections')['shared_kaizala']['connectionId']"},"api":{"runtimeUrl":"https://india-001.azure-apim.net/apim/kaizala"}},"method":"post","body":{"actionBody":{"Message":"Unable to identify the face, Request to take another photo and try again","Title":"Failed to detect face","MediaResources":"@body('Upload_punch_failure')?['mediaResource']"}},"path":"/groups/@{encodeURIComponent('8ce23cff-9c49-4ff0-a168-6777d77641ae')}/actions","queries":{"actionType":"announcement"},"authentication":"@parameters('$authentication')"}},"Upload_punch_failure":{"runAfter":{"Get_file_content":["Succeeded"]},"metadata":{"flowSystemMetadata":{"swaggerOperationId":"UploadMediaFromAttachment"}},"type":"ApiConnection","inputs":{"host":{"connection":{"name":"@parameters('$connections')['shared_kaizala']['connectionId']"},"api":{"runtimeUrl":"https://india-001.azure-apim.net/apim/kaizala"}},"method":"post","body":{"fileContent":"@body('Get_file_content')"},"path":"/v1/media/attachment","authentication":"@parameters('$authentication')"}}},"runAfter":{"Scope":["Failed"]},"type":"Scope"},"Initialize_flats":{"runAfter":{"Initialize_variable_Person_Group_ID":["Succeeded"]},"type":"InitializeVariable","inputs":{"variables":[{"name":"Flats","type":"Array","value":"@split(triggerBody()?['answer2'], ' ')"}]}},"Initialize_Phonenumber":{"runAfter":{"Initialize_variable":["Succeeded"]},"type":"InitializeVariable","inputs":{"variables":[{"name":"PhoneNumbers","type":"String"}]}},"Initialize_variable":{"runAfter":{"Initialize_flats":["Succeeded"]},"type":"InitializeVariable","inputs":{"variables":[{"name":"distinctFlats","type":"Array","value":"@split(triggerBody()?['answer2'], ' ')"}]}},"Initialize_variable_FaceApiKey":{"runAfter":{},"type":"InitializeVariable","inputs":{"variables":[{"name":"faceapikey","type":"String","value":"a112a26a36aa40fb9c362503fbc2a91e"}]}},"Initialize_variable_Person_Group_ID":{"runAfter":{"Initialize_variable_FaceApiKey":["Succeeded"]},"type":"InitializeVariable","inputs":{"variables":[{"name":"persongroupid","type":"String","value":"d84fbd16-fe49-476c-bb5a-9569e0c78bc9"}]}}},"outputs":{}},"connectionReferences":{"shared_sharepointonline":{"connectionName":"25e92701563f4536be8813484672e55d","source":"Embedded","id":"/providers/Microsoft.PowerApps/apis/shared_sharepointonline","tier":"NotSpecified"},"shared_kaizala":{"connectionName":"shared-kaizala-5a8d47e3-dd3d-43c3-b138-deef5ff91c39","source":"Embedded","id":"/providers/Microsoft.PowerApps/apis/shared_kaizala","tier":"NotSpecified"}},"flowFailureAlertSubscribed":false}}