{"name":"3f98b9e9-2f7e-4b4d-bc74-ef8dc5a780b1","id":"/providers/Microsoft.Flow/flows/3f98b9e9-2f7e-4b4d-bc74-ef8dc5a780b1","type":"Microsoft.Flow/flows","properties":{"apiId":"/providers/Microsoft.PowerApps/apis/shared_logicflows","displayName":"Vehicle search - Security","definition":{"metadata":{"workflowEntityId":null,"creator":{"id":"f427bac5-ae00-49b3-baa4-bd6951730f64","type":"User","tenantId":"7f27e81b-6032-41f7-8749-2636b6b7b044"},"provisioningMethod":"FromDefinition","failureAlertSubscription":true,"clientLastModifiedTime":"2019-02-01T08:24:17.6353773Z"},"$schema":"https://schema.management.azure.com/providers/Microsoft.Logic/schemas/2016-06-01/workflowdefinition.json#","contentVersion":"1.0.0.0","parameters":{"$connections":{"defaultValue":{},"type":"Object"},"$authentication":{"defaultValue":{},"type":"SecureObject"}},"triggers":{"When_someone_responds_to_a_custom_action":{"metadata":{"flowSystemMetadata":{"swaggerOperationId":"ActionResponseOnGroup"}},"type":"ApiConnectionWebhook","inputs":{"host":{"connection":{"name":"@parameters('$connections')['shared_kaizala']['connectionId']"},"api":{"runtimeUrl":"https://india-001.azure-apim.net/apim/kaizala"}},"body":{"CallbackUrl":"@{listCallbackUrl()}"},"path":"/v1/webhook","queries":{"groupId":"8ce23cff-9c49-4ff0-a168-6777d77641ae","actionPackageId":"be5dd398-17ae-47a8-88b8-e4c3355913ef.2","objectId":"00000000-0000-0000-0000-000000000000"},"authentication":"@parameters('$authentication')"}}},"actions":{"Get_items":{"runAfter":{},"metadata":{"flowSystemMetadata":{"swaggerOperationId":"GetItems"}},"type":"ApiConnection","inputs":{"host":{"connection":{"name":"@parameters('$connections')['shared_sharepointonline']['connectionId']"},"api":{"runtimeUrl":"https://india-001.azure-apim.net/apim/sharepointonline"}},"method":"get","path":"/datasets/@{encodeURIComponent(encodeURIComponent('https://aceatlantis.sharepoint.com/'))}/tables/@{encodeURIComponent(encodeURIComponent('e6ab8c29-e413-475f-8f9a-405fbc691f49'))}/items","queries":{"$filter":"substringof('@{triggerBody()?['answer1']}', Vehicle_x0020_Number )"},"authentication":"@parameters('$authentication')"}},"Condition":{"actions":{"Apply_to_each":{"foreach":"@body('Get_items')?['value']","actions":{"Send_text_message_to_a_group":{"runAfter":{},"metadata":{"flowSystemMetadata":{"swaggerOperationId":"SendMessage"}},"type":"ApiConnection","inputs":{"host":{"connection":{"name":"@parameters('$connections')['shared_kaizala']['connectionId']"},"api":{"runtimeUrl":"https://india-001.azure-apim.net/apim/kaizala"}},"method":"post","body":{"Message":"Flat No: @{items('Apply_to_each')?['Flat_x0020_No']}, Vehicle no: @{items('Apply_to_each')?['Vehicle_x0020_Number']}"},"path":"/v1/groups/@{encodeURIComponent('8ce23cff-9c49-4ff0-a168-6777d77641ae')}/messages","authentication":"@parameters('$authentication')"}}},"runAfter":{},"type":"Foreach"}},"runAfter":{"Get_items":["Succeeded"]},"else":{"actions":{"Send_text_message_to_a_group_2":{"runAfter":{},"metadata":{"flowSystemMetadata":{"swaggerOperationId":"SendMessage"}},"type":"ApiConnection","inputs":{"host":{"connection":{"name":"@parameters('$connections')['shared_kaizala']['connectionId']"},"api":{"runtimeUrl":"https://india-001.azure-apim.net/apim/kaizala"}},"method":"post","body":{"Message":"No car was found with the number - @{triggerBody()?['answer1']}"},"path":"/v1/groups/@{encodeURIComponent('8ce23cff-9c49-4ff0-a168-6777d77641ae')}/messages","authentication":"@parameters('$authentication')"}}}},"expression":"@greater(length(body('Get_items')?['value']), 0)","type":"If"}},"outputs":{}},"connectionReferences":{"shared_sharepointonline":{"connectionName":"25e92701563f4536be8813484672e55d","source":"Embedded","id":"/providers/Microsoft.PowerApps/apis/shared_sharepointonline","tier":"NotSpecified"},"shared_kaizala":{"connectionName":"shared-kaizala-5a8d47e3-dd3d-43c3-b138-deef5ff91c39","source":"Embedded","id":"/providers/Microsoft.PowerApps/apis/shared_kaizala","tier":"NotSpecified"}},"flowFailureAlertSubscribed":false}}