{"name":"8815fe3b-c419-4bce-a8b2-c2ab32ac9ff6","id":"/providers/Microsoft.Flow/flows/8815fe3b-c419-4bce-a8b2-c2ab32ac9ff6","type":"Microsoft.Flow/flows","properties":{"apiId":"/providers/Microsoft.PowerApps/apis/shared_logicflows","displayName":"Gate Register - AA Security","definition":{"metadata":{"workflowEntityId":null,"creator":{"id":"f427bac5-ae00-49b3-baa4-bd6951730f64","type":"User","tenantId":"7f27e81b-6032-41f7-8749-2636b6b7b044"},"provisioningMethod":"FromDefinition","failureAlertSubscription":true,"clientLastModifiedTime":"2019-03-22T12:06:46.7979485Z"},"$schema":"https://schema.management.azure.com/providers/Microsoft.Logic/schemas/2016-06-01/workflowdefinition.json#","contentVersion":"1.0.0.0","parameters":{"$connections":{"defaultValue":{},"type":"Object"},"$authentication":{"defaultValue":{},"type":"SecureObject"}},"triggers":{"When_someone_responds_to_a_custom_action":{"metadata":{"flowSystemMetadata":{"swaggerOperationId":"ActionResponseOnGroup"}},"type":"ApiConnectionWebhook","inputs":{"host":{"connection":{"name":"@parameters('$connections')['shared_kaizala']['connectionId']"},"api":{"runtimeUrl":"https://india-001.azure-apim.net/apim/kaizala"}},"body":{"CallbackUrl":"@{listCallbackUrl()}"},"path":"/v1/webhook","queries":{"groupId":"8ce23cff-9c49-4ff0-a168-6777d77641ae","actionPackageId":"03e9b0df-610f-4d56-89ba-aeca1e9da76b.9","objectId":"00000000-0000-0000-0000-000000000000"},"authentication":"@parameters('$authentication')"}}},"actions":{"If_Technician":{"actions":{"Announcement_to_BMS":{"runAfter":{},"metadata":{"flowSystemMetadata":{"swaggerOperationId":"SendActions_v2"}},"type":"ApiConnection","inputs":{"host":{"connection":{"name":"@parameters('$connections')['shared_kaizala']['connectionId']"},"api":{"runtimeUrl":"https://india-001.azure-apim.net/apim/kaizala"}},"method":"post","body":{"actionBody":{"Message":"@{triggerBody()?['question1']}: @{triggerBody()?['answer1_with_singular_value']}\n@{triggerBody()?['question2']}: @{triggerBody()?['answer2']}\n@{triggerBody()?['question3']}: @{triggerBody()?['answer3']}\nWhere From:@{triggerBody()?['answer4']}\n@{triggerBody()?['question5']}: @{triggerBody()['answer5']['pn']}","Title":"Technician Details","MediaResources":"@body('Upload_media_from_url')?['mediaResource']"}},"path":"/groups/@{encodeURIComponent('64535e05-4bf8-4a35-b141-e94f883b276a')}/actions","queries":{"actionType":"announcement"},"authentication":"@parameters('$authentication')"}},"Send_Technician_Approval":{"runAfter":{"Announcement_to_BMS":["Succeeded"]},"metadata":{"flowSystemMetadata":{"swaggerOperationId":"SendActions_v2"}},"type":"ApiConnection","inputs":{"host":{"connection":{"name":"@parameters('$connections')['shared_kaizala']['connectionId']"},"api":{"runtimeUrl":"https://india-001.azure-apim.net/apim/kaizala"}},"method":"post","body":{"actionBody":{"id":"0068a62c-dc31-478d-941b-7a1be2dc015f.2","actionBody":{"title":"Technician Entry approval","validity":1}}},"path":"/groups/@{encodeURIComponent('64535e05-4bf8-4a35-b141-e94f883b276a')}/actions","queries":{"actionType":"Action Package"},"authentication":"@parameters('$authentication')"}}},"runAfter":{"Verify_phone_numbers_count":["Succeeded"]},"expression":"@equals(triggerBody()?['answer1_with_singular_value'], 'Technician')","type":"If"},"Create_item":{"runAfter":{"Initialize_variable_for_all_phone_numbers":["Succeeded"]},"metadata":{"flowSystemMetadata":{"swaggerOperationId":"PostItem"}},"type":"ApiConnection","inputs":{"host":{"connection":{"name":"@parameters('$connections')['shared_sharepointonline']['connectionId']"},"api":{"runtimeUrl":"https://india-001.azure-apim.net/apim/sharepointonline"}},"method":"post","body":{"Title":"@{triggerBody()?['answer1_with_singular_value']}_@{triggerBody()?['answer2']}","Purpose_x0020_of_x0020_Visit":"@triggerBody()?['answer1_with_singular_value']","Visitor_x0020_Name":"@triggerBody()?['answer2']","Flat_x0020_No":"@triggerBody()?['answer3']","Phone_x0020_Number":"@{triggerBody()['answer5']['cc']}@{triggerBody()['answer5']['pn']}","Vehicle_x0020_Number":"@triggerBody()?['answer6']","Where_x0020_From":"@triggerBody()?['answer4']","photourl":"@triggerBody()?['answer7']"},"path":"/datasets/@{encodeURIComponent(encodeURIComponent('https://aceatlantis.sharepoint.com/'))}/tables/@{encodeURIComponent(encodeURIComponent('e6ab8c29-e413-475f-8f9a-405fbc691f49'))}/items","authentication":"@parameters('$authentication')"}},"Upload_media_from_url":{"runAfter":{"Array_of_Flats":["Succeeded"]},"metadata":{"flowSystemMetadata":{"swaggerOperationId":"UploadMediaFromURL"}},"type":"ApiConnection","inputs":{"host":{"connection":{"name":"@parameters('$connections')['shared_kaizala']['connectionId']"},"api":{"runtimeUrl":"https://india-001.azure-apim.net/apim/kaizala"}},"method":"post","body":{"mediaUrl":"@triggerBody()?['answer7']"},"path":"/v1/media/url","authentication":"@parameters('$authentication')","retryPolicy":{"type":"fixed","count":1,"interval":"PT1M"}}},"Array_of_Flats":{"runAfter":{"Create_item":["Succeeded"]},"type":"InitializeVariable","inputs":{"variables":[{"name":"flats","type":"Array","value":"@split(triggerBody()?['answer3'], ' ')"}]}},"Initialize_variable_for_all_phone_numbers":{"runAfter":{},"type":"InitializeVariable","inputs":{"variables":[{"name":"PhoneNumbers","type":"String","value":"@{concat('','')}"}]}},"Each_flat":{"foreach":"@variables('flats')","actions":{"Get_items":{"runAfter":{},"metadata":{"flowSystemMetadata":{"swaggerOperationId":"GetItems"}},"type":"ApiConnection","inputs":{"host":{"connection":{"name":"@parameters('$connections')['shared_sharepointonline']['connectionId']"},"api":{"runtimeUrl":"https://india-001.azure-apim.net/apim/sharepointonline"}},"method":"get","path":"/datasets/@{encodeURIComponent(encodeURIComponent('https://aceatlantis.sharepoint.com/'))}/tables/@{encodeURIComponent(encodeURIComponent('311fd2ec-53dd-4f58-9715-60674360bb66'))}/items","queries":{"$filter":"Flat_x0020_No eq '@{items('Each_flat')}'","view":"0607ffc8-b8cc-4481-bc37-5c96a2a36d5b"},"authentication":"@parameters('$authentication')"}},"Verify_if_the_flat_details_are_available_or_not":{"actions":{"Each_flat_PN":{"foreach":"@body('Get_items')?['value']","actions":{"Append_to_string_variable":{"runAfter":{},"type":"AppendToStringVariable","inputs":{"name":"PhoneNumbers","value":"@{items('Each_flat_PN')?['Phone_x0020_Number']},"}}},"runAfter":{},"type":"Foreach"}},"runAfter":{"Get_items":["Succeeded"]},"else":{"actions":{"Send_text_message_to_a_group":{"runAfter":{},"metadata":{"flowSystemMetadata":{"swaggerOperationId":"SendMessage"}},"type":"ApiConnection","inputs":{"host":{"connection":{"name":"@parameters('$connections')['shared_kaizala']['connectionId']"},"api":{"runtimeUrl":"https://india-001.azure-apim.net/apim/kaizala"}},"method":"post","body":{"Message":"Mobile numbers are not available for flat: @{items('Each_flat')}"},"path":"/v1/groups/@{encodeURIComponent('64535e05-4bf8-4a35-b141-e94f883b276a')}/messages","authentication":"@parameters('$authentication')"}}}},"expression":"@greater(length(body('Get_items')?['value']), 0)","type":"If"}},"runAfter":{"Upload_media_from_url":["Succeeded"]},"type":"Foreach"},"Verify_phone_numbers_count":{"actions":{"Announcement_to_resident":{"runAfter":{},"metadata":{"flowSystemMetadata":{"swaggerOperationId":"SendActions_v2"}},"type":"ApiConnection","inputs":{"host":{"connection":{"name":"@parameters('$connections')['shared_kaizala']['connectionId']"},"api":{"runtimeUrl":"https://india-001.azure-apim.net/apim/kaizala"}},"method":"post","body":{"subscribers":"@variables('PhoneNumbers')","actionBody":{"Message":"@{triggerBody()?['question1']}: @{triggerBody()?['answer1_with_singular_value']}\n@{triggerBody()?['question2']}: @{triggerBody()?['answer2']}\n@{triggerBody()?['question3']}: @{triggerBody()?['answer3']}\nWhere From:@{triggerBody()?['answer4']}\n@{triggerBody()?['question5']}:  @{triggerBody()['answer5']['pn']}","Title":"Delivery / Guest at entrance","MediaResources":"@body('Upload_media_from_url')?['mediaResource']"}},"path":"/groups/@{encodeURIComponent('6df51281-82c8-42fc-8dcd-00453d193381')}/actions","queries":{"actionType":"announcement","sendToAll":"No"},"authentication":"@parameters('$authentication')"}},"Send_delivery_approval_request":{"runAfter":{"Announcement_to_resident":["Succeeded"]},"metadata":{"flowSystemMetadata":{"swaggerOperationId":"SendActions_v2"}},"type":"ApiConnection","inputs":{"host":{"connection":{"name":"@parameters('$connections')['shared_kaizala']['connectionId']"},"api":{"runtimeUrl":"https://india-001.azure-apim.net/apim/kaizala"}},"method":"post","body":{"subscribers":"@variables('PhoneNumbers')","actionBody":{"id":"0068a62c-dc31-478d-941b-7a1be2dc015f.2","actionBody":{"title":"Delivery Approval","validity":1}}},"path":"/groups/@{encodeURIComponent('6df51281-82c8-42fc-8dcd-00453d193381')}/actions","queries":{"actionType":"Action Package","sendToAll":"No"},"authentication":"@parameters('$authentication')"}}},"runAfter":{"Each_flat":["Succeeded"]},"expression":"@greater(length(variables('PhoneNumbers')), 0)","type":"If"}},"outputs":{}},"connectionReferences":{"shared_kaizala":{"connectionName":"shared-kaizala-5a8d47e3-dd3d-43c3-b138-deef5ff91c39","source":"Embedded","id":"/providers/Microsoft.PowerApps/apis/shared_kaizala","tier":"NotSpecified"},"shared_sharepointonline":{"connectionName":"25e92701563f4536be8813484672e55d","source":"Embedded","id":"/providers/Microsoft.PowerApps/apis/shared_sharepointonline","tier":"NotSpecified"}},"flowFailureAlertSubscribed":false}}