{"name":"c140ddcc-4704-4fcd-a37d-66a76ca317f5","id":"/providers/Microsoft.Flow/flows/c140ddcc-4704-4fcd-a37d-66a76ca317f5","type":"Microsoft.Flow/flows","properties":{"apiId":"/providers/Microsoft.PowerApps/apis/shared_logicflows","displayName":"Invite Ace member - AA Residents","definition":{"metadata":{"workflowEntityId":null,"creator":{"id":"f427bac5-ae00-49b3-baa4-bd6951730f64","type":"User","tenantId":"7f27e81b-6032-41f7-8749-2636b6b7b044"},"provisioningMethod":"FromDefinition","failureAlertSubscription":true,"clientLastModifiedTime":"2019-01-27T18:00:50.9520802Z"},"$schema":"https://schema.management.azure.com/providers/Microsoft.Logic/schemas/2016-06-01/workflowdefinition.json#","contentVersion":"1.0.0.0","parameters":{"$connections":{"defaultValue":{},"type":"Object"},"$authentication":{"defaultValue":{},"type":"SecureObject"}},"triggers":{"When_someone_responds_to_a_custom_action":{"metadata":{"flowSystemMetadata":{"swaggerOperationId":"ActionResponseOnGroup"}},"type":"ApiConnectionWebhook","inputs":{"host":{"connection":{"name":"@parameters('$connections')['shared_kaizala']['connectionId']"},"api":{"runtimeUrl":"https://india-001.azure-apim.net/apim/kaizala"}},"body":{"CallbackUrl":"@{listCallbackUrl()}"},"path":"/v1/webhook","queries":{"groupId":"6df51281-82c8-42fc-8dcd-00453d193381","actionPackageId":"45c657ba-2a53-42df-ae1b-7456940f0fc0","objectId":"00000000-0000-0000-0000-000000000000"},"authentication":"@parameters('$authentication')"}}},"actions":{"Create_item":{"runAfter":{},"metadata":{"flowSystemMetadata":{"swaggerOperationId":"PostItem"}},"type":"ApiConnection","inputs":{"host":{"connection":{"name":"@parameters('$connections')['shared_sharepointonline']['connectionId']"},"api":{"runtimeUrl":"https://india-001.azure-apim.net/apim/sharepointonline"}},"method":"post","body":{"Title":"@{guid()}","Flat_x0020_No":"@triggerBody()?['answer1']","Phone_x0020_Number":"+@{triggerBody()['answer4']['cc']}@{triggerBody()['answer4']['pn']}","Resident_x0020_Type":"@triggerBody()?['answer3_with_singular_value']","Invited_x0020_By":"@triggerBody()?['fromUserName']","Invited_x0020_By_x0020_PhoneNumb":"@triggerBody()?['fromUser']","Member_x0020_Name":"@triggerBody()?['answer2']"},"path":"/datasets/@{encodeURIComponent(encodeURIComponent('https://aceatlantis.sharepoint.com/'))}/tables/@{encodeURIComponent(encodeURIComponent('311fd2ec-53dd-4f58-9715-60674360bb66'))}/items","authentication":"@parameters('$authentication')"}},"Add_subscriber_to_group":{"runAfter":{"Create_item":["Succeeded"]},"metadata":{"flowSystemMetadata":{"swaggerOperationId":"AddSubscriberToGroup"}},"type":"ApiConnection","inputs":{"host":{"connection":{"name":"@parameters('$connections')['shared_kaizala']['connectionId']"},"api":{"runtimeUrl":"https://india-001.azure-apim.net/apim/kaizala"}},"method":"put","body":{"subscribers":"@body('Create_item')?['Phone_x0020_Number']"},"path":"/v1/groups/@{encodeURIComponent('6df51281-82c8-42fc-8dcd-00453d193381')}/subscribers/add","authentication":"@parameters('$authentication')"}},"Send_action_on_a_group":{"runAfter":{"Add_subscriber_to_group":["Succeeded"]},"metadata":{"flowSystemMetadata":{"swaggerOperationId":"SendActions_v2"}},"type":"ApiConnection","inputs":{"host":{"connection":{"name":"@parameters('$connections')['shared_kaizala']['connectionId']"},"api":{"runtimeUrl":"https://india-001.azure-apim.net/apim/kaizala"}},"method":"post","body":{"subscribers":"@triggerBody()?['fromUser']","actionBody":{"Message":"Your invite has been accepted and the member can download the app from the play store.","Title":"New member"}},"path":"/groups/@{encodeURIComponent('6df51281-82c8-42fc-8dcd-00453d193381')}/actions","queries":{"actionType":"announcement"},"authentication":"@parameters('$authentication')"}}},"outputs":{}},"connectionReferences":{"shared_sharepointonline":{"connectionName":"25e92701563f4536be8813484672e55d","source":"Embedded","id":"/providers/Microsoft.PowerApps/apis/shared_sharepointonline","tier":"NotSpecified"},"shared_kaizala":{"connectionName":"shared-kaizala-5a8d47e3-dd3d-43c3-b138-deef5ff91c39","source":"Embedded","id":"/providers/Microsoft.PowerApps/apis/shared_kaizala","tier":"NotSpecified"}},"flowFailureAlertSubscribed":false}}